trade_id,entry_time,exit_time,direction,entry_price,exit_price,pnl,exit_reason,duration_minutes
1,2020-01-01 22:03:00,2020-01-02 04:55:00,Long,1.12135,1.12035,-0.001,SL,412.0
2,2020-01-02 05:43:00,2020-01-02 10:29:00,Long,1.12027,1.11927,-0.001,SL,286.0
3,2020-01-02 11:05:00,2020-01-02 11:31:00,Long,1.12011,1.11911,-0.001,SL,26.0
4,2020-01-02 12:21:00,2020-01-02 14:24:00,Long,1.1191,1.1181,-0.001,SL,123.0
5,2020-01-02 15:21:00,2020-01-02 15:58:00,Long,1.11769,1.11969,0.002,TP,37.0
6,2020-01-02 16:27:00,2020-01-02 16:55:00,Short,1.1186,1.1166,0.002,TP,28.0
7,2020-01-02 17:35:00,2020-01-03 07:18:00,Long,1.11705,1.11605,-0.001,SL,823.0
8,2020-01-03 08:18:00,2020-01-03 09:15:00,Long,1.11559,1.11459,-0.001,SL,57.0
9,2020-01-03 12:07:00,2020-01-03 14:40:00,Long,1.11303,1.11503,0.002,TP,153.0
10,2020-01-03 15:52:00,2020-01-03 16:14:00,Short,1.11575,1.11675,-0.001,SL,22.0
11,2020-01-03 17:05:00,2020-01-03 21:52:00,Short,1.11736,1.11536,0.002,TP,287.0
12,2020-01-05 22:01:00,2020-01-06 09:41:00,Long,1.11667,1.11867,0.002,TP,700.0
13,2020-01-06 12:11:00,2020-01-07 07:01:00,Short,1.11991,1.11791,0.002,TP,1130.0
14,2020-01-07 07:03:00,2020-01-07 13:55:00,Short,1.11811,1.11611,0.002,TP,412.0
15,2020-01-07 16:07:00,2020-01-08 00:14:00,Long,1.11431,1.11631,0.002,TP,487.0
16,2020-01-08 00:58:00,2020-01-08 08:13:00,Short,1.116,1.114,0.002,TP,435.0
17,2020-01-08 08:16:00,2020-01-08 11:21:00,Short,1.11429,1.11229,0.002,TP,185.0
18,2020-01-08 11:46:00,2020-01-08 12:45:00,Long,1.11289,1.11189,-0.001,SL,59.0
19,2020-01-08 13:42:00,2020-01-08 21:45:00,Long,1.11178,1.11078,-0.001,SL,483.0
20,2020-01-08 22:23:00,2020-01-09 10:03:00,Long,1.11079,1.10979,-0.001,SL,700.0
21,2020-01-09 10:32:00,2020-01-09 15:40:00,Long,1.11048,1.10948,-0.001,SL,308.0
22,2020-01-09 16:38:00,2020-01-10 10:41:00,Long,1.1101,1.1091,-0.001,SL,1083.0
23,2020-01-10 11:34:00,2020-01-10 13:31:00,Long,1.10934,1.11134,0.002,TP,117.0
24,2020-01-10 13:36:00,2020-01-10 13:58:00,Long,1.1108,1.1098,-0.001,SL,22.0
25,2020-01-10 14:06:00,2020-01-10 15:08:00,Short,1.1095,1.1105,-0.001,SL,62.0
26,2020-01-10 17:48:00,2020-01-13 05:45:00,Short,1.11208,1.11308,-0.001,SL,3597.0
27,2020-01-13 06:10:00,2020-01-13 09:03:00,Short,1.11254,1.11354,-0.001,SL,173.0
28,2020-01-13 09:23:00,2020-01-13 15:33:00,Short,1.11213,1.11313,-0.001,SL,370.0
29,2020-01-13 17:00:00,2020-01-14 13:04:00,Short,1.11372,1.11172,0.002,TP,1204.0
30,2020-01-14 14:03:00,2020-01-14 17:14:00,Long,1.11116,1.11316,0.002,TP,191.0
31,2020-01-14 17:50:00,2020-01-15 11:01:00,Short,1.11307,1.11407,-0.001,SL,1031.0
32,2020-01-15 11:50:00,2020-01-15 14:20:00,Short,1.11471,1.11571,-0.001,SL,150.0
33,2020-01-15 14:55:00,2020-01-16 12:30:00,Short,1.11546,1.11646,-0.001,SL,1295.0
34,2020-01-16 13:34:00,2020-01-16 15:12:00,Short,1.11567,1.11367,0.002,TP,98.0
35,2020-01-16 16:01:00,2020-01-16 16:50:00,Long,1.11395,1.11295,-0.001,SL,49.0
36,2020-01-16 17:12:00,2020-01-17 10:25:00,Long,1.11337,1.11237,-0.001,SL,1033.0
37,2020-01-17 12:01:00,2020-01-17 13:33:00,Long,1.11123,1.11023,-0.001,SL,92.0
38,2020-01-17 14:24:00,2020-01-17 15:22:00,Long,1.11046,1.10946,-0.001,SL,58.0
39,2020-01-17 16:15:00,2020-01-20 13:25:00,Long,1.10919,1.10819,-0.001,SL,4150.0
40,2020-01-20 13:53:00,2020-01-21 10:25:00,Long,1.10849,1.11049,0.002,TP,1232.0
41,2020-01-21 11:05:00,2020-01-21 13:11:00,Short,1.11041,1.11141,-0.001,SL,126.0
42,2020-01-21 13:55:00,2020-01-21 15:41:00,Short,1.11135,1.10935,0.002,TP,106.0
43,2020-01-21 16:10:00,2020-01-21 20:56:00,Long,1.10983,1.10883,-0.001,SL,286.0
44,2020-01-21 22:16:00,2020-01-22 14:59:00,Long,1.1083,1.1073,-0.001,SL,1003.0
45,2020-01-22 15:41:00,2020-01-22 23:15:00,Long,1.10756,1.10956,0.002,TP,454.0
46,2020-01-22 23:54:00,2020-01-23 13:34:00,Short,1.10945,1.11045,-0.001,SL,820.0
47,2020-01-23 13:54:00,2020-01-23 14:21:00,Short,1.10839,1.10639,0.002,TP,27.0
48,2020-01-23 16:46:00,2020-01-24 08:30:00,Long,1.10408,1.10608,0.002,TP,944.0
49,2020-01-24 08:50:00,2020-01-24 12:57:00,Short,1.10477,1.10277,0.002,TP,247.0
50,2020-01-24 13:21:00,2020-01-24 15:19:00,Long,1.10367,1.10267,-0.001,SL,118.0
51,2020-01-24 16:36:00,2020-01-27 15:59:00,Long,1.10215,1.10115,-0.001,SL,4283.0
52,2020-01-27 16:29:00,2020-01-28 11:52:00,Long,1.10188,1.10088,-0.001,SL,1163.0
53,2020-01-28 12:56:00,2020-01-29 00:31:00,Long,1.1006,1.1026,0.002,TP,695.0
54,2020-01-29 01:02:00,2020-01-29 08:13:00,Short,1.10222,1.10022,0.002,TP,431.0
55,2020-01-29 08:36:00,2020-01-29 13:25:00,Long,1.10044,1.09944,-0.001,SL,289.0
56,2020-01-29 14:42:00,2020-01-29 19:53:00,Long,1.0998,1.1018,0.002,TP,311.0
57,2020-01-29 20:23:00,2020-01-30 09:11:00,Short,1.10112,1.10212,-0.001,SL,768.0
58,2020-01-30 09:36:00,2020-01-30 12:22:00,Short,1.10153,1.10253,-0.001,SL,166.0
59,2020-01-30 12:50:00,2020-01-30 15:36:00,Short,1.10221,1.10321,-0.001,SL,166.0
60,2020-01-30 16:19:00,2020-01-30 19:44:00,Short,1.10289,1.10389,-0.001,SL,205.0
61,2020-01-30 19:49:00,2020-01-31 12:21:00,Short,1.10345,1.10445,-0.001,SL,992.0
62,2020-01-31 13:46:00,2020-01-31 14:42:00,Short,1.10508,1.10608,-0.001,SL,56.0
63,2020-01-31 15:18:00,2020-01-31 15:54:00,Short,1.10566,1.10666,-0.001,SL,36.0
64,2020-01-31 16:51:00,2020-01-31 20:41:00,Short,1.10814,1.10914,-0.001,SL,230.0
65,2020-01-31 22:22:00,2020-02-03 07:30:00,Short,1.10944,1.10744,0.002,TP,3428.0
66,2020-02-03 08:07:00,2020-02-03 08:56:00,Long,1.10743,1.10643,-0.001,SL,49.0
67,2020-02-03 09:44:00,2020-02-03 11:38:00,Long,1.1069,1.1059,-0.001,SL,114.0
68,2020-02-03 12:01:00,2020-02-03 14:31:00,Long,1.10617,1.10517,-0.001,SL,150.0
69,2020-02-03 15:29:00,2020-02-04 15:29:00,Long,1.10496,1.10396,-0.001,SL,1440.0
70,2020-02-04 16:12:00,2020-02-05 09:35:00,Long,1.10368,1.10268,-0.001,SL,1043.0
71,2020-02-05 10:22:00,2020-02-05 10:48:00,Long,1.10295,1.10195,-0.001,SL,26.0
72,2020-02-05 11:39:00,2020-02-05 13:39:00,Long,1.10215,1.10115,-0.001,SL,120.0
73,2020-02-05 15:23:00,2020-02-05 19:30:00,Long,1.10043,1.09943,-0.001,SL,247.0
74,2020-02-05 20:06:00,2020-02-06 15:00:00,Long,1.09975,1.09875,-0.001,SL,1134.0
75,2020-02-06 16:14:00,2020-02-07 07:53:00,Long,1.09782,1.09682,-0.001,SL,939.0
76,2020-02-07 07:57:00,2020-02-07 10:29:00,Short,1.09688,1.09488,0.002,TP,152.0
77,2020-02-07 11:01:00,2020-02-07 14:45:00,Long,1.09521,1.09721,0.002,TP,224.0
78,2020-02-07 15:25:00,2020-02-07 15:41:00,Short,1.09621,1.09721,-0.001,SL,16.0
79,2020-02-07 15:52:00,2020-02-07 16:14:00,Long,1.09676,1.09576,-0.001,SL,22.0
80,2020-02-07 18:26:00,2020-02-10 13:56:00,Long,1.09448,1.09348,-0.001,SL,4050.0
81,2020-02-10 15:17:00,2020-02-10 15:54:00,Long,1.09325,1.09225,-0.001,SL,37.0
82,2020-02-10 17:03:00,2020-02-11 07:18:00,Long,1.09158,1.09058,-0.001,SL,855.0
83,2020-02-11 07:39:00,2020-02-11 13:14:00,Long,1.09114,1.09014,-0.001,SL,335.0
84,2020-02-11 14:00:00,2020-02-11 15:09:00,Long,1.09035,1.09235,0.002,TP,69.0
85,2020-02-11 15:34:00,2020-02-12 15:04:00,Short,1.09168,1.08968,0.002,TP,1410.0
86,2020-02-12 15:52:00,2020-02-12 17:14:00,Long,1.08929,1.08829,-0.001,SL,82.0
87,2020-02-12 18:31:00,2020-02-12 19:19:00,Long,1.08799,1.08699,-0.001,SL,48.0
88,2020-02-12 20:18:00,2020-02-13 11:58:00,Long,1.08701,1.08601,-0.001,SL,940.0
89,2020-02-13 12:42:00,2020-02-13 13:44:00,Long,1.0866,1.0856,-0.001,SL,62.0
90,2020-02-13 14:37:00,2020-02-13 15:09:00,Long,1.0857,1.0847,-0.001,SL,32.0
91,2020-02-13 15:54:00,2020-02-14 00:10:00,Long,1.08459,1.08359,-0.001,SL,496.0
92,2020-02-14 00:12:00,2020-02-14 09:11:00,Short,1.08351,1.08451,-0.001,SL,539.0
93,2020-02-14 09:57:00,2020-02-14 13:45:00,Short,1.08456,1.08556,-0.001,SL,228.0
94,2020-02-14 15:06:00,2020-02-14 17:16:00,Short,1.0855,1.0835,0.002,TP,130.0
95,2020-02-14 17:45:00,2020-02-18 00:20:00,Long,1.08385,1.08285,-0.001,SL,4715.0
96,2020-02-18 02:06:00,2020-02-18 12:31:00,Long,1.08266,1.08166,-0.001,SL,625.0
97,2020-02-18 14:44:00,2020-02-18 15:55:00,Long,1.08003,1.08203,0.002,TP,71.0
98,2020-02-18 16:30:00,2020-02-18 19:20:00,Short,1.08181,1.07981,0.002,TP,170.0
99,2020-02-18 20:56:00,2020-02-19 14:57:00,Long,1.07945,1.07845,-0.001,SL,1081.0
100,2020-02-19 15:17:00,2020-02-19 20:45:00,Long,1.07861,1.08061,0.002,TP,328.0
101,2020-02-19 21:44:00,2020-02-20 06:47:00,Short,1.08093,1.07893,0.002,TP,543.0
102,2020-02-20 07:46:00,2020-02-20 14:01:00,Long,1.07919,1.08119,0.002,TP,375.0
103,2020-02-20 15:22:00,2020-02-20 16:23:00,Short,1.08159,1.07959,0.002,TP,61.0
104,2020-02-20 17:02:00,2020-02-20 19:41:00,Long,1.07993,1.07893,-0.001,SL,159.0
105,2020-02-20 19:47:00,2020-02-21 07:48:00,Short,1.07882,1.07982,-0.001,SL,721.0
106,2020-02-21 08:09:00,2020-02-21 08:15:00,Short,1.07919,1.08019,-0.001,SL,6.0
107,2020-02-21 08:22:00,2020-02-21 14:45:00,Long,1.08021,1.08221,0.002,TP,383.0
108,2020-02-21 16:04:00,2020-02-23 22:00:00,Short,1.08551,1.08351,0.002,TP,3236.0
109,2020-02-23 22:43:00,2020-02-24 03:19:00,Long,1.08319,1.08219,-0.001,SL,276.0
110,2020-02-24 03:45:00,2020-02-24 07:01:00,Long,1.08239,1.08139,-0.001,SL,196.0
111,2020-02-24 07:38:00,2020-02-24 09:02:00,Long,1.08159,1.08359,0.002,TP,84.0
112,2020-02-24 09:30:00,2020-02-24 14:24:00,Short,1.08214,1.08314,-0.001,SL,294.0
113,2020-02-24 15:52:00,2020-02-24 15:55:00,Short,1.08503,1.08603,-0.001,SL,3.0
114,2020-02-24 16:02:00,2020-02-24 16:13:00,Long,1.08592,1.08492,-0.001,SL,11.0
115,2020-02-24 16:16:00,2020-02-24 16:28:00,Short,1.085,1.086,-0.001,SL,12.0
116,2020-02-24 16:32:00,2020-02-24 16:50:00,Long,1.08625,1.08525,-0.001,SL,18.0
117,2020-02-24 16:57:00,2020-02-24 17:25:00,Short,1.08553,1.08653,-0.001,SL,28.0
118,2020-02-24 18:33:00,2020-02-24 19:39:00,Short,1.0867,1.0847,0.002,TP,66.0
119,2020-02-24 20:25:00,2020-02-25 10:29:00,Long,1.0849,1.0839,-0.001,SL,844.0
120,2020-02-25 11:55:00,2020-02-25 15:48:00,Long,1.0836,1.0856,0.002,TP,233.0
121,2020-02-25 16:56:00,2020-02-25 17:19:00,Short,1.08656,1.08756,-0.001,SL,23.0
122,2020-02-25 17:26:00,2020-02-26 02:35:00,Long,1.08763,1.08663,-0.001,SL,549.0
123,2020-02-26 03:09:00,2020-02-26 08:49:00,Long,1.08696,1.08896,0.002,TP,340.0
124,2020-02-26 09:32:00,2020-02-26 12:11:00,Short,1.08894,1.08994,-0.001,SL,159.0
125,2020-02-26 12:38:00,2020-02-26 13:01:00,Short,1.08885,1.08685,0.002,TP,23.0
126,2020-02-26 13:32:00,2020-02-26 13:47:00,Long,1.08728,1.08628,-0.001,SL,15.0
127,2020-02-26 14:15:00,2020-02-26 14:27:00,Long,1.08733,1.08633,-0.001,SL,12.0
128,2020-02-26 14:34:00,2020-02-26 15:13:00,Short,1.08575,1.08675,-0.001,SL,39.0
129,2020-02-26 15:59:00,2020-02-26 16:10:00,Short,1.08646,1.08746,-0.001,SL,11.0
130,2020-02-26 17:33:00,2020-02-26 19:35:00,Short,1.08841,1.08941,-0.001,SL,122.0
131,2020-02-26 20:14:00,2020-02-27 00:05:00,Short,1.089,1.09,-0.001,SL,231.0
132,2020-02-27 00:51:00,2020-02-27 02:46:00,Short,1.09024,1.09124,-0.001,SL,115.0
133,2020-02-27 03:13:00,2020-02-27 06:50:00,Short,1.09072,1.09172,-0.001,SL,217.0
134,2020-02-27 07:42:00,2020-02-27 08:05:00,Short,1.09139,1.09239,-0.001,SL,23.0
135,2020-02-27 09:16:00,2020-02-27 11:48:00,Short,1.09359,1.09459,-0.001,SL,152.0
136,2020-02-27 13:36:00,2020-02-27 13:50:00,Short,1.09649,1.09749,-0.001,SL,14.0
137,2020-02-27 14:25:00,2020-02-27 14:45:00,Short,1.09744,1.09844,-0.001,SL,20.0
138,2020-02-27 16:00:00,2020-02-27 18:43:00,Short,1.09841,1.09941,-0.001,SL,163.0
139,2020-02-27 19:40:00,2020-02-27 21:11:00,Short,1.09878,1.09978,-0.001,SL,91.0
140,2020-02-27 22:46:00,2020-02-28 02:02:00,Short,1.1003,1.0983,0.002,TP,196.0
141,2020-02-28 02:33:00,2020-02-28 08:09:00,Long,1.0991,1.1011,0.002,TP,336.0
142,2020-02-28 09:59:00,2020-02-28 11:25:00,Short,1.10443,1.10243,0.002,TP,86.0
143,2020-02-28 12:44:00,2020-02-28 13:14:00,Long,1.09941,1.09841,-0.001,SL,30.0
144,2020-02-28 13:56:00,2020-02-28 14:20:00,Long,1.09871,1.09771,-0.001,SL,24.0
145,2020-02-28 14:25:00,2020-02-28 14:38:00,Short,1.09786,1.09586,0.002,TP,13.0
146,2020-02-28 15:29:00,2020-02-28 15:58:00,Long,1.09691,1.09891,0.002,TP,29.0
147,2020-02-28 17:42:00,2020-02-28 19:32:00,Short,1.10008,1.10108,-0.001,SL,110.0
148,2020-02-28 19:36:00,2020-03-01 22:38:00,Long,1.10263,1.10463,0.002,TP,3062.0
149,2020-03-01 23:43:00,2020-03-02 07:32:00,Short,1.10549,1.10649,-0.001,SL,469.0
150,2020-03-02 09:03:00,2020-03-02 10:12:00,Short,1.10795,1.10895,-0.001,SL,69.0
151,2020-03-02 10:56:00,2020-03-02 11:23:00,Short,1.10856,1.10956,-0.001,SL,27.0
152,2020-03-02 12:35:00,2020-03-02 12:51:00,Short,1.11067,1.11167,-0.001,SL,16.0
153,2020-03-02 13:03:00,2020-03-02 13:32:00,Long,1.11159,1.11359,0.002,TP,29.0
154,2020-03-02 14:03:00,2020-03-02 14:33:00,Short,1.11216,1.11316,-0.001,SL,30.0
155,2020-03-02 14:39:00,2020-03-02 15:48:00,Long,1.11292,1.11192,-0.001,SL,69.0
156,2020-03-02 16:08:00,2020-03-02 16:34:00,Long,1.11393,1.11593,0.002,TP,26.0
157,2020-03-02 18:15:00,2020-03-02 20:22:00,Short,1.11723,1.11523,0.002,TP,127.0
158,2020-03-02 21:37:00,2020-03-03 01:14:00,Long,1.11347,1.11247,-0.001,SL,217.0
159,2020-03-03 01:43:00,2020-03-03 04:35:00,Long,1.11339,1.11539,0.002,TP,172.0
160,2020-03-03 05:06:00,2020-03-03 07:34:00,Short,1.11439,1.11239,0.002,TP,148.0
161,2020-03-03 08:16:00,2020-03-03 08:37:00,Long,1.11258,1.11158,-0.001,SL,21.0
162,2020-03-03 09:37:00,2020-03-03 10:16:00,Long,1.11138,1.11338,0.002,TP,39.0
163,2020-03-03 10:37:00,2020-03-03 12:38:00,Short,1.11181,1.11281,-0.001,SL,121.0
164,2020-03-03 12:43:00,2020-03-03 12:49:00,Long,1.11262,1.11162,-0.001,SL,6.0
165,2020-03-03 13:13:00,2020-03-03 14:28:00,Short,1.11144,1.11244,-0.001,SL,75.0
166,2020-03-03 15:56:00,2020-03-03 16:11:00,Short,1.11816,1.11616,0.002,TP,15.0
167,2020-03-03 16:48:00,2020-03-03 17:01:00,Long,1.1174,1.1164,-0.001,SL,13.0
168,2020-03-03 17:16:00,2020-03-03 17:46:00,Short,1.11678,1.11478,0.002,TP,30.0
169,2020-03-03 18:09:00,2020-03-03 18:50:00,Long,1.1159,1.1179,0.002,TP,41.0
170,2020-03-03 19:47:00,2020-03-04 04:19:00,Short,1.11782,1.11582,0.002,TP,512.0
171,2020-03-04 04:54:00,2020-03-04 06:17:00,Long,1.11603,1.11503,-0.001,SL,83.0
172,2020-03-04 06:50:00,2020-03-04 07:44:00,Long,1.11558,1.11458,-0.001,SL,54.0
173,2020-03-04 08:02:00,2020-03-04 08:37:00,Long,1.11612,1.11812,0.002,TP,35.0
174,2020-03-04 09:02:00,2020-03-04 10:50:00,Short,1.11634,1.11434,0.002,TP,108.0
175,2020-03-04 11:25:00,2020-03-04 12:09:00,Long,1.115,1.114,-0.001,SL,44.0
176,2020-03-04 13:22:00,2020-03-04 14:03:00,Long,1.11273,1.11173,-0.001,SL,41.0
177,2020-03-04 14:57:00,2020-03-04 15:00:00,Long,1.11166,1.11066,-0.001,SL,3.0
178,2020-03-04 16:33:00,2020-03-04 16:39:00,Short,1.11242,1.11342,-0.001,SL,6.0
179,2020-03-04 16:57:00,2020-03-04 17:53:00,Long,1.11309,1.11209,-0.001,SL,56.0
180,2020-03-04 18:14:00,2020-03-05 09:21:00,Long,1.11264,1.11464,0.002,TP,907.0
181,2020-03-05 10:46:00,2020-03-05 11:38:00,Short,1.11665,1.11765,-0.001,SL,52.0
182,2020-03-05 13:02:00,2020-03-05 13:30:00,Short,1.1187,1.1197,-0.001,SL,28.0
183,2020-03-05 13:33:00,2020-03-05 13:41:00,Long,1.1193,1.1183,-0.001,SL,8.0
184,2020-03-05 13:45:00,2020-03-05 14:19:00,Short,1.11809,1.11909,-0.001,SL,34.0
185,2020-03-05 14:22:00,2020-03-05 15:14:00,Long,1.11866,1.11766,-0.001,SL,52.0
186,2020-03-05 15:56:00,2020-03-05 16:43:00,Long,1.11847,1.12047,0.002,TP,47.0
187,2020-03-05 17:17:00,2020-03-05 17:36:00,Short,1.11872,1.11972,-0.001,SL,19.0
188,2020-03-05 17:41:00,2020-03-05 19:35:00,Long,1.12042,1.11942,-0.001,SL,114.0
189,2020-03-05 20:00:00,2020-03-05 20:30:00,Long,1.12,1.122,0.002,TP,30.0
190,2020-03-05 22:12:00,2020-03-06 00:24:00,Short,1.1234,1.1214,0.002,TP,132.0
191,2020-03-06 00:44:00,2020-03-06 00:54:00,Long,1.12255,1.12155,-0.001,SL,10.0
192,2020-03-06 01:03:00,2020-03-06 01:54:00,Short,1.1222,1.1232,-0.001,SL,51.0
193,2020-03-06 02:37:00,2020-03-06 08:28:00,Short,1.12365,1.12465,-0.001,SL,351.0
194,2020-03-06 10:54:00,2020-03-06 11:09:00,Short,1.13115,1.13215,-0.001,SL,15.0
195,2020-03-06 12:05:00,2020-03-06 12:39:00,Short,1.13262,1.13062,0.002,TP,34.0
196,2020-03-06 13:04:00,2020-03-06 13:31:00,Long,1.13231,1.13131,-0.001,SL,27.0
197,2020-03-06 13:40:00,2020-03-06 13:42:00,Short,1.13144,1.13244,-0.001,SL,2.0
198,2020-03-06 14:10:00,2020-03-06 14:16:00,Long,1.1322,1.1342,0.002,TP,6.0
199,2020-03-06 15:22:00,2020-03-06 15:26:00,Short,1.13319,1.13119,0.002,TP,4.0
200,2020-03-06 16:08:00,2020-03-06 16:43:00,Long,1.13208,1.13108,-0.001,SL,35.0
201,2020-03-06 16:45:00,2020-03-06 16:59:00,Short,1.13089,1.13189,-0.001,SL,14.0
202,2020-03-06 17:09:00,2020-03-06 17:26:00,Long,1.13227,1.13127,-0.001,SL,17.0
203,2020-03-06 17:31:00,2020-03-06 17:44:00,Short,1.13095,1.12895,0.002,TP,13.0
204,2020-03-06 18:11:00,2020-03-06 18:22:00,Long,1.13074,1.12974,-0.001,SL,11.0
205,2020-03-06 18:31:00,2020-03-06 19:19:00,Short,1.1293,1.1303,-0.001,SL,48.0
206,2020-03-06 20:36:00,2020-03-06 21:47:00,Short,1.13109,1.12909,0.002,TP,71.0
207,2020-03-08 21:01:00,2020-03-08 22:38:00,Long,1.13426,1.13626,0.002,TP,97.0
208,2020-03-08 23:22:00,2020-03-08 23:26:00,Short,1.13753,1.13853,-0.001,SL,4.0
209,2020-03-08 23:36:00,2020-03-08 23:41:00,Long,1.13925,1.13825,-0.001,SL,5.0
210,2020-03-09 00:08:00,2020-03-09 00:10:00,Short,1.13716,1.13816,-0.001,SL,2.0
211,2020-03-09 01:21:00,2020-03-09 01:44:00,Long,1.13789,1.13989,0.002,TP,23.0
212,2020-03-09 02:37:00,2020-03-09 02:48:00,Short,1.14273,1.14073,0.002,TP,11.0
213,2020-03-09 03:44:00,2020-03-09 03:55:00,Long,1.14115,1.14015,-0.001,SL,11.0
214,2020-03-09 04:28:00,2020-03-09 05:09:00,Short,1.14026,1.14126,-0.001,SL,41.0
215,2020-03-09 05:11:00,2020-03-09 05:33:00,Long,1.14207,1.14107,-0.001,SL,22.0
216,2020-03-09 05:42:00,2020-03-09 06:09:00,Short,1.13922,1.14022,-0.001,SL,27.0
217,2020-03-09 06:19:00,2020-03-09 07:06:00,Long,1.14036,1.14236,0.002,TP,47.0
218,2020-03-09 08:00:00,2020-03-09 08:09:00,Short,1.14387,1.14187,0.002,TP,9.0
219,2020-03-09 09:51:00,2020-03-09 10:04:00,Long,1.1391,1.1411,0.002,TP,13.0
220,2020-03-09 10:43:00,2020-03-09 10:50:00,Short,1.14084,1.14184,-0.001,SL,7.0
221,2020-03-09 11:03:00,2020-03-09 12:07:00,Long,1.1418,1.1438,0.002,TP,64.0
222,2020-03-09 12:29:00,2020-03-09 12:38:00,Short,1.14111,1.14211,-0.001,SL,9.0
223,2020-03-09 12:54:00,2020-03-09 13:04:00,Long,1.14275,1.14475,0.002,TP,10.0
224,2020-03-09 13:53:00,2020-03-09 13:53:00,Short,1.13877,1.13977,-0.001,SL,0.0
225,2020-03-09 14:30:00,2020-03-09 14:40:00,Long,1.14189,1.14089,-0.001,SL,10.0
226,2020-03-09 14:43:00,2020-03-09 14:53:00,Short,1.14199,1.14299,-0.001,SL,10.0
227,2020-03-09 15:00:00,2020-03-09 15:27:00,Long,1.14346,1.14246,-0.001,SL,27.0
228,2020-03-09 15:34:00,2020-03-09 16:12:00,Short,1.14241,1.14341,-0.001,SL,38.0
229,2020-03-09 16:14:00,2020-03-09 16:32:00,Long,1.14356,1.14556,0.002,TP,18.0
230,2020-03-09 17:14:00,2020-03-09 17:22:00,Short,1.14508,1.14608,-0.001,SL,8.0
231,2020-03-09 17:34:00,2020-03-09 18:12:00,Long,1.14661,1.14561,-0.001,SL,38.0
232,2020-03-09 18:15:00,2020-03-09 18:32:00,Short,1.14452,1.14552,-0.001,SL,17.0
233,2020-03-09 18:46:00,2020-03-09 18:51:00,Long,1.14651,1.14551,-0.001,SL,5.0
234,2020-03-09 19:20:00,2020-03-09 20:06:00,Short,1.14542,1.14642,-0.001,SL,46.0
235,2020-03-09 20:36:00,2020-03-09 21:00:00,Short,1.14451,1.14251,0.002,TP,24.0
236,2020-03-09 21:25:00,2020-03-09 23:02:00,Long,1.14419,1.14319,-0.001,SL,97.0
237,2020-03-10 00:22:00,2020-03-10 00:51:00,Long,1.14009,1.13909,-0.001,SL,29.0
238,2020-03-10 01:27:00,2020-03-10 01:56:00,Long,1.13879,1.14079,0.002,TP,29.0
239,2020-03-10 02:26:00,2020-03-10 02:41:00,Short,1.13976,1.14076,-0.001,SL,15.0
240,2020-03-10 02:50:00,2020-03-10 03:48:00,Long,1.14054,1.13954,-0.001,SL,58.0
241,2020-03-10 06:12:00,2020-03-10 06:25:00,Long,1.13724,1.13624,-0.001,SL,13.0
242,2020-03-10 06:41:00,2020-03-10 06:49:00,Short,1.13488,1.13588,-0.001,SL,8.0
243,2020-03-10 07:22:00,2020-03-10 07:37:00,Long,1.13567,1.13467,-0.001,SL,15.0
244,2020-03-10 08:42:00,2020-03-10 08:53:00,Short,1.13845,1.13645,0.002,TP,11.0
245,2020-03-10 10:31:00,2020-03-10 10:37:00,Long,1.13521,1.13421,-0.001,SL,6.0
246,2020-03-10 11:06:00,2020-03-10 11:16:00,Long,1.13581,1.13481,-0.001,SL,10.0
247,2020-03-10 11:50:00,2020-03-10 11:58:00,Short,1.13556,1.13656,-0.001,SL,8.0
248,2020-03-10 13:04:00,2020-03-10 13:12:00,Short,1.138,1.139,-0.001,SL,8.0
249,2020-03-10 13:16:00,2020-03-10 13:18:00,Long,1.1392,1.1382,-0.001,SL,2.0
250,2020-03-10 13:30:00,2020-03-10 13:37:00,Short,1.1371,1.1381,-0.001,SL,7.0
251,2020-03-10 14:50:00,2020-03-10 15:56:00,Long,1.13678,1.13578,-0.001,SL,66.0
252,2020-03-10 17:29:00,2020-03-10 18:23:00,Long,1.13112,1.13012,-0.001,SL,54.0
253,2020-03-10 19:38:00,2020-03-10 20:33:00,Long,1.12954,1.12854,-0.001,SL,55.0
254,2020-03-10 21:24:00,2020-03-10 21:46:00,Long,1.12878,1.12778,-0.001,SL,22.0
255,2020-03-10 21:53:00,2020-03-10 22:14:00,Short,1.12874,1.12974,-0.001,SL,21.0
256,2020-03-10 23:26:00,2020-03-10 23:46:00,Short,1.13027,1.13127,-0.001,SL,20.0
257,2020-03-10 23:49:00,2020-03-11 00:05:00,Long,1.13156,1.13056,-0.001,SL,16.0
258,2020-03-11 00:17:00,2020-03-11 00:35:00,Short,1.13048,1.13148,-0.001,SL,18.0
259,2020-03-11 00:42:00,2020-03-11 03:39:00,Long,1.13142,1.13342,0.002,TP,177.0
260,2020-03-11 04:10:00,2020-03-11 05:01:00,Short,1.13291,1.13391,-0.001,SL,51.0
261,2020-03-11 05:48:00,2020-03-11 06:17:00,Short,1.13426,1.13526,-0.001,SL,29.0
262,2020-03-11 07:11:00,2020-03-11 08:02:00,Short,1.13445,1.13245,0.002,TP,51.0
263,2020-03-11 08:43:00,2020-03-11 08:49:00,Long,1.13273,1.13173,-0.001,SL,6.0
264,2020-03-11 08:59:00,2020-03-11 09:02:00,Short,1.13127,1.13227,-0.001,SL,3.0
265,2020-03-11 09:18:00,2020-03-11 09:44:00,Long,1.13213,1.13113,-0.001,SL,26.0
266,2020-03-11 10:19:00,2020-03-11 11:25:00,Long,1.1316,1.1336,0.002,TP,66.0
267,2020-03-11 11:56:00,2020-03-11 12:08:00,Short,1.13252,1.13352,-0.001,SL,12.0
268,2020-03-11 12:16:00,2020-03-11 14:08:00,Long,1.1339,1.1329,-0.001,SL,112.0
269,2020-03-11 16:32:00,2020-03-11 21:01:00,Long,1.12738,1.12638,-0.001,SL,269.0
270,2020-03-11 21:59:00,2020-03-12 01:14:00,Long,1.12605,1.12805,0.002,TP,195.0
271,2020-03-12 01:17:00,2020-03-12 01:28:00,Long,1.12939,1.13139,0.002,TP,11.0
272,2020-03-12 02:15:00,2020-03-12 04:23:00,Short,1.13166,1.12966,0.002,TP,128.0
273,2020-03-12 05:08:00,2020-03-12 06:12:00,Long,1.12961,1.12861,-0.001,SL,64.0
274,2020-03-12 06:34:00,2020-03-12 07:42:00,Long,1.12939,1.13139,0.002,TP,68.0
275,2020-03-12 08:13:00,2020-03-12 08:23:00,Short,1.13035,1.12835,0.002,TP,10.0
276,2020-03-12 09:08:00,2020-03-12 09:16:00,Long,1.12762,1.12662,-0.001,SL,8.0
277,2020-03-12 09:28:00,2020-03-12 09:41:00,Short,1.12564,1.12664,-0.001,SL,13.0
278,2020-03-12 10:44:00,2020-03-12 11:24:00,Long,1.12334,1.12234,-0.001,SL,40.0
279,2020-03-12 12:00:00,2020-03-12 12:06:00,Long,1.12373,1.12573,0.002,TP,6.0
280,2020-03-12 12:29:00,2020-03-12 12:29:00,Short,1.12217,1.12317,-0.001,SL,0.0
281,2020-03-12 12:52:00,2020-03-12 12:52:00,Long,1.12877,1.12777,-0.001,SL,0.0
282,2020-03-12 13:14:00,2020-03-12 13:18:00,Short,1.12377,1.12177,0.002,TP,4.0
283,2020-03-12 16:39:00,2020-03-12 16:41:00,Long,1.1101,1.1091,-0.001,SL,2.0
284,2020-03-12 18:33:00,2020-03-12 18:39:00,Short,1.11702,1.11802,-0.001,SL,6.0
285,2020-03-12 19:16:00,2020-03-12 19:42:00,Long,1.11817,1.12017,0.002,TP,26.0
286,2020-03-12 20:35:00,2020-03-12 20:40:00,Short,1.11685,1.11785,-0.001,SL,5.0
287,2020-03-12 21:10:00,2020-03-12 21:11:00,Long,1.1196,1.1186,-0.001,SL,1.0
288,2020-03-12 21:34:00,2020-03-12 21:47:00,Short,1.11709,1.11809,-0.001,SL,13.0
289,2020-03-12 22:16:00,2020-03-13 00:04:00,Long,1.11725,1.11625,-0.001,SL,108.0
290,2020-03-13 00:06:00,2020-03-13 01:19:00,Short,1.11664,1.11764,-0.001,SL,73.0
291,2020-03-13 02:10:00,2020-03-13 02:46:00,Short,1.11777,1.11877,-0.001,SL,36.0
292,2020-03-13 04:25:00,2020-03-13 04:38:00,Short,1.12052,1.12152,-0.001,SL,13.0
293,2020-03-13 04:45:00,2020-03-13 05:28:00,Long,1.1217,1.1207,-0.001,SL,43.0
294,2020-03-13 06:12:00,2020-03-13 06:20:00,Long,1.12053,1.11953,-0.001,SL,8.0
295,2020-03-13 06:23:00,2020-03-13 06:32:00,Short,1.11928,1.12028,-0.001,SL,9.0
296,2020-03-13 06:48:00,2020-03-13 07:09:00,Long,1.12013,1.11913,-0.001,SL,21.0
297,2020-03-13 07:12:00,2020-03-13 07:23:00,Short,1.11956,1.11756,0.002,TP,11.0
298,2020-03-13 08:13:00,2020-03-13 08:15:00,Long,1.11789,1.11989,0.002,TP,2.0
299,2020-03-13 09:19:00,2020-03-13 09:44:00,Short,1.11948,1.11748,0.002,TP,25.0
300,2020-03-13 10:33:00,2020-03-13 11:06:00,Long,1.11623,1.11523,-0.001,SL,33.0
301,2020-03-13 11:30:00,2020-03-13 11:35:00,Long,1.11719,1.11619,-0.001,SL,5.0
302,2020-03-13 11:50:00,2020-03-13 11:57:00,Short,1.11457,1.11557,-0.001,SL,7.0
303,2020-03-13 12:12:00,2020-03-13 12:29:00,Long,1.11604,1.11504,-0.001,SL,17.0
304,2020-03-13 12:36:00,2020-03-13 12:51:00,Short,1.11518,1.11318,0.002,TP,15.0
305,2020-03-13 13:46:00,2020-03-13 14:15:00,Long,1.11206,1.11106,-0.001,SL,29.0
306,2020-03-13 14:26:00,2020-03-13 15:12:00,Short,1.11064,1.11164,-0.001,SL,46.0
307,2020-03-13 15:45:00,2020-03-13 15:53:00,Short,1.10949,1.11049,-0.001,SL,8.0
308,2020-03-13 17:05:00,2020-03-13 17:38:00,Long,1.10903,1.10803,-0.001,SL,33.0
309,2020-03-13 17:42:00,2020-03-13 17:53:00,Short,1.10777,1.10577,0.002,TP,11.0
310,2020-03-13 18:13:00,2020-03-13 18:16:00,Long,1.10948,1.10848,-0.001,SL,3.0
311,2020-03-13 18:35:00,2020-03-13 19:29:00,Short,1.10817,1.10617,0.002,TP,54.0
312,2020-03-13 19:57:00,2020-03-13 19:59:00,Long,1.10857,1.11057,0.002,TP,2.0
313,2020-03-13 21:10:00,2020-03-15 21:00:00,Short,1.10992,1.10792,0.002,TP,2870.0
314,2020-03-15 22:16:00,2020-03-15 22:18:00,Short,1.11744,1.11544,0.002,TP,2.0
315,2020-03-15 23:18:00,2020-03-15 23:39:00,Long,1.11696,1.11896,0.002,TP,21.0
316,2020-03-16 00:02:00,2020-03-16 00:05:00,Short,1.11561,1.11361,0.002,TP,3.0
317,2020-03-16 02:01:00,2020-03-16 02:47:00,Long,1.11019,1.10919,-0.001,SL,46.0
318,2020-03-16 03:09:00,2020-03-16 03:49:00,Long,1.11078,1.11278,0.002,TP,40.0
319,2020-03-16 04:26:00,2020-03-16 04:57:00,Short,1.11183,1.11283,-0.001,SL,31.0
320,2020-03-16 05:27:00,2020-03-16 05:52:00,Short,1.11179,1.11279,-0.001,SL,25.0
321,2020-03-16 05:54:00,2020-03-16 05:58:00,Long,1.11293,1.11193,-0.001,SL,4.0
322,2020-03-16 07:04:00,2020-03-16 07:24:00,Short,1.1145,1.1155,-0.001,SL,20.0
323,2020-03-16 07:32:00,2020-03-16 07:34:00,Short,1.11378,1.11478,-0.001,SL,2.0
324,2020-03-16 07:36:00,2020-03-16 07:40:00,Long,1.11518,1.11718,0.002,TP,4.0
325,2020-03-16 09:34:00,2020-03-16 10:17:00,Short,1.12042,1.11842,0.002,TP,43.0
326,2020-03-16 11:47:00,2020-03-16 12:00:00,Long,1.11694,1.11894,0.002,TP,13.0
327,2020-03-16 12:39:00,2020-03-16 12:51:00,Short,1.11747,1.11547,0.002,TP,12.0
328,2020-03-16 13:57:00,2020-03-16 14:12:00,Long,1.11479,1.11379,-0.001,SL,15.0
329,2020-03-16 14:23:00,2020-03-16 14:27:00,Short,1.11256,1.11356,-0.001,SL,4.0
330,2020-03-16 15:24:00,2020-03-16 16:03:00,Long,1.11255,1.11455,0.002,TP,39.0
331,2020-03-16 16:46:00,2020-03-16 16:55:00,Short,1.11456,1.11556,-0.001,SL,9.0
332,2020-03-16 17:07:00,2020-03-16 17:21:00,Long,1.11602,1.11502,-0.001,SL,14.0
333,2020-03-16 17:32:00,2020-03-16 17:37:00,Short,1.11572,1.11672,-0.001,SL,5.0
334,2020-03-16 17:44:00,2020-03-16 17:56:00,Long,1.11685,1.11585,-0.001,SL,12.0
335,2020-03-16 18:35:00,2020-03-16 18:59:00,Short,1.11602,1.11702,-0.001,SL,24.0
336,2020-03-16 19:31:00,2020-03-16 20:22:00,Long,1.11618,1.11818,0.002,TP,51.0
337,2020-03-16 20:49:00,2020-03-16 20:58:00,Short,1.11711,1.11811,-0.001,SL,9.0
338,2020-03-16 21:15:00,2020-03-16 21:16:00,Long,1.11758,1.11658,-0.001,SL,1.0
339,2020-03-16 21:20:00,2020-03-16 21:39:00,Short,1.11658,1.11758,-0.001,SL,19.0
340,2020-03-16 21:48:00,2020-03-16 22:08:00,Long,1.11799,1.11699,-0.001,SL,20.0
341,2020-03-16 22:24:00,2020-03-17 02:35:00,Short,1.11767,1.11867,-0.001,SL,251.0
342,2020-03-17 03:07:00,2020-03-17 07:00:00,Short,1.1177,1.1157,0.002,TP,233.0
343,2020-03-17 08:11:00,2020-03-17 08:19:00,Long,1.11403,1.11303,-0.001,SL,8.0
344,2020-03-17 08:27:00,2020-03-17 08:48:00,Short,1.1131,1.1111,0.002,TP,21.0
345,2020-03-17 09:42:00,2020-03-17 09:44:00,Long,1.11125,1.11025,-0.001,SL,2.0
346,2020-03-17 09:57:00,2020-03-17 10:08:00,Short,1.10995,1.10795,0.002,TP,11.0
347,2020-03-17 11:40:00,2020-03-17 11:47:00,Long,1.10201,1.10101,-0.001,SL,7.0
348,2020-03-17 11:53:00,2020-03-17 11:57:00,Short,1.10006,1.10106,-0.001,SL,4.0
349,2020-03-17 13:15:00,2020-03-17 13:34:00,Long,1.09816,1.10016,0.002,TP,19.0
350,2020-03-17 14:09:00,2020-03-17 14:11:00,Short,1.09992,1.10092,-0.001,SL,2.0
351,2020-03-17 14:22:00,2020-03-17 14:26:00,Long,1.09946,1.09846,-0.001,SL,4.0
352,2020-03-17 14:29:00,2020-03-17 14:32:00,Short,1.09658,1.09758,-0.001,SL,3.0
353,2020-03-17 15:16:00,2020-03-17 15:22:00,Long,1.09794,1.09694,-0.001,SL,6.0
354,2020-03-17 16:10:00,2020-03-17 16:12:00,Short,1.09749,1.09849,-0.001,SL,2.0
355,2020-03-17 16:27:00,2020-03-17 16:29:00,Long,1.09952,1.09852,-0.001,SL,2.0
356,2020-03-17 16:49:00,2020-03-17 17:08:00,Short,1.09754,1.09854,-0.001,SL,19.0
357,2020-03-17 17:20:00,2020-03-17 17:21:00,Long,1.09786,1.09686,-0.001,SL,1.0
358,2020-03-17 17:36:00,2020-03-17 17:38:00,Short,1.09671,1.09771,-0.001,SL,2.0
359,2020-03-17 17:40:00,2020-03-17 17:54:00,Short,1.09764,1.09864,-0.001,SL,14.0
360,2020-03-17 18:59:00,2020-03-17 19:36:00,Short,1.09958,1.10058,-0.001,SL,37.0
361,2020-03-17 19:41:00,2020-03-17 19:58:00,Long,1.10092,1.09992,-0.001,SL,17.0
362,2020-03-17 20:40:00,2020-03-17 21:46:00,Short,1.09991,1.10091,-0.001,SL,66.0
363,2020-03-17 22:50:00,2020-03-18 00:55:00,Short,1.10138,1.09938,0.002,TP,125.0
364,2020-03-18 01:31:00,2020-03-18 01:57:00,Long,1.10063,1.09963,-0.001,SL,26.0
365,2020-03-18 02:09:00,2020-03-18 02:34:00,Short,1.1004,1.1014,-0.001,SL,25.0
366,2020-03-18 04:49:00,2020-03-18 05:30:00,Short,1.1027,1.1037,-0.001,SL,41.0
367,2020-03-18 06:07:00,2020-03-18 06:52:00,Short,1.10244,1.10044,0.002,TP,45.0
368,2020-03-18 07:26:00,2020-03-18 07:40:00,Long,1.10142,1.10042,-0.001,SL,14.0
369,2020-03-18 07:46:00,2020-03-18 07:57:00,Short,1.09925,1.09725,0.002,TP,11.0
370,2020-03-18 08:29:00,2020-03-18 08:52:00,Long,1.09724,1.09624,-0.001,SL,23.0
371,2020-03-18 09:15:00,2020-03-18 09:36:00,Long,1.09794,1.09994,0.002,TP,21.0
372,2020-03-18 10:47:00,2020-03-18 10:47:00,Short,1.09987,1.10087,-0.001,SL,0.0
373,2020-03-18 12:00:00,2020-03-18 12:20:00,Long,1.09771,1.09671,-0.001,SL,20.0
374,2020-03-18 14:15:00,2020-03-18 14:18:00,Long,1.09085,1.08985,-0.001,SL,3.0
375,2020-03-18 14:22:00,2020-03-18 14:24:00,Short,1.08946,1.09046,-0.001,SL,2.0
376,2020-03-18 15:46:00,2020-03-18 15:55:00,Long,1.08527,1.08427,-0.001,SL,9.0
377,2020-03-18 16:38:00,2020-03-18 16:49:00,Long,1.08458,1.08358,-0.001,SL,11.0
378,2020-03-18 16:55:00,2020-03-18 17:25:00,Short,1.08174,1.08274,-0.001,SL,30.0
379,2020-03-18 17:32:00,2020-03-18 17:52:00,Long,1.08304,1.08504,0.002,TP,20.0
380,2020-03-18 18:16:00,2020-03-18 18:18:00,Short,1.08337,1.08437,-0.001,SL,2.0
381,2020-03-18 18:26:00,2020-03-18 18:32:00,Long,1.08676,1.08576,-0.001,SL,6.0
382,2020-03-18 19:11:00,2020-03-18 19:13:00,Short,1.08612,1.08712,-0.001,SL,2.0
383,2020-03-18 19:29:00,2020-03-18 20:02:00,Long,1.08862,1.09062,0.002,TP,33.0
384,2020-03-18 21:26:00,2020-03-18 22:52:00,Short,1.091,1.092,-0.001,SL,86.0
385,2020-03-18 22:54:00,2020-03-18 23:01:00,Long,1.09194,1.09394,0.002,TP,7.0
386,2020-03-19 00:02:00,2020-03-19 00:05:00,Short,1.09317,1.09417,-0.001,SL,3.0
387,2020-03-19 01:37:00,2020-03-19 01:42:00,Long,1.09166,1.09066,-0.001,SL,5.0
388,2020-03-19 02:13:00,2020-03-19 02:22:00,Short,1.09043,1.09143,-0.001,SL,9.0
389,2020-03-19 02:33:00,2020-03-19 02:36:00,Long,1.09094,1.08994,-0.001,SL,3.0
390,2020-03-19 02:43:00,2020-03-19 02:51:00,Short,1.08958,1.09058,-0.001,SL,8.0
391,2020-03-19 03:40:00,2020-03-19 04:23:00,Long,1.08977,1.08877,-0.001,SL,43.0
392,2020-03-19 04:59:00,2020-03-19 06:16:00,Long,1.08974,1.09174,0.002,TP,77.0
393,2020-03-19 07:10:00,2020-03-19 07:18:00,Short,1.09277,1.09077,0.002,TP,8.0
394,2020-03-19 08:32:00,2020-03-19 08:51:00,Long,1.0876,1.0866,-0.001,SL,19.0
395,2020-03-19 09:03:00,2020-03-19 09:11:00,Short,1.08459,1.08559,-0.001,SL,8.0
396,2020-03-19 12:47:00,2020-03-19 12:53:00,Long,1.0763,1.0783,0.002,TP,6.0
397,2020-03-19 13:49:00,2020-03-19 13:59:00,Short,1.07985,1.08085,-0.001,SL,10.0
398,2020-03-19 17:24:00,2020-03-19 17:51:00,Long,1.06911,1.06811,-0.001,SL,27.0
399,2020-03-19 17:55:00,2020-03-19 17:58:00,Short,1.06662,1.06762,-0.001,SL,3.0
400,2020-03-19 19:01:00,2020-03-19 19:53:00,Long,1.06754,1.06654,-0.001,SL,52.0
401,2020-03-19 20:06:00,2020-03-19 21:11:00,Long,1.06871,1.06771,-0.001,SL,65.0
402,2020-03-19 22:26:00,2020-03-20 00:01:00,Long,1.06634,1.06534,-0.001,SL,95.0
403,2020-03-20 00:30:00,2020-03-20 01:21:00,Long,1.06652,1.06852,0.002,TP,51.0
404,2020-03-20 03:04:00,2020-03-20 03:21:00,Short,1.07247,1.07347,-0.001,SL,17.0
405,2020-03-20 03:37:00,2020-03-20 03:58:00,Long,1.07382,1.07282,-0.001,SL,21.0
406,2020-03-20 04:08:00,2020-03-20 04:41:00,Short,1.07373,1.07473,-0.001,SL,33.0
407,2020-03-20 04:43:00,2020-03-20 06:41:00,Long,1.07505,1.07705,0.002,TP,118.0
408,2020-03-20 07:08:00,2020-03-20 07:25:00,Short,1.07548,1.07648,-0.001,SL,17.0
409,2020-03-20 07:32:00,2020-03-20 07:43:00,Long,1.07822,1.08022,0.002,TP,11.0
410,2020-03-20 08:15:00,2020-03-20 08:19:00,Short,1.0777,1.0787,-0.001,SL,4.0
411,2020-03-20 08:48:00,2020-03-20 09:03:00,Long,1.07875,1.07775,-0.001,SL,15.0
412,2020-03-20 09:06:00,2020-03-20 09:28:00,Short,1.07812,1.07612,0.002,TP,22.0
413,2020-03-20 10:28:00,2020-03-20 10:31:00,Long,1.07556,1.07456,-0.001,SL,3.0
414,2020-03-20 10:57:00,2020-03-20 11:15:00,Short,1.07314,1.07114,0.002,TP,18.0
415,2020-03-20 11:49:00,2020-03-20 11:51:00,Long,1.07266,1.07166,-0.001,SL,2.0
416,2020-03-20 13:02:00,2020-03-20 13:25:00,Short,1.0709,1.0689,0.002,TP,23.0
417,2020-03-20 13:48:00,2020-03-20 14:00:00,Long,1.06924,1.07124,0.002,TP,12.0
418,2020-03-20 15:01:00,2020-03-20 15:02:00,Short,1.07214,1.07314,-0.001,SL,1.0
419,2020-03-20 15:31:00,2020-03-20 15:34:00,Short,1.07264,1.07364,-0.001,SL,3.0
420,2020-03-20 17:21:00,2020-03-20 17:33:00,Long,1.06887,1.06787,-0.001,SL,12.0
421,2020-03-20 17:52:00,2020-03-20 18:03:00,Short,1.06761,1.06561,0.002,TP,11.0
422,2020-03-20 19:02:00,2020-03-20 19:05:00,Long,1.06564,1.06464,-0.001,SL,3.0
423,2020-03-20 19:16:00,2020-03-20 19:43:00,Short,1.06479,1.06579,-0.001,SL,27.0
424,2020-03-20 19:50:00,2020-03-20 20:14:00,Long,1.06648,1.06848,0.002,TP,24.0
425,2020-03-20 21:25:00,2020-03-22 21:06:00,Short,1.06929,1.07029,-0.001,SL,2861.0
426,2020-03-22 21:42:00,2020-03-22 22:14:00,Short,1.06953,1.06753,0.002,TP,32.0
427,2020-03-22 23:03:00,2020-03-22 23:43:00,Long,1.06649,1.06849,0.002,TP,40.0
428,2020-03-23 00:35:00,2020-03-23 00:43:00,Short,1.06803,1.06603,0.002,TP,8.0
429,2020-03-23 01:11:00,2020-03-23 01:38:00,Long,1.06763,1.06963,0.002,TP,27.0
430,2020-03-23 02:41:00,2020-03-23 02:44:00,Short,1.07144,1.07244,-0.001,SL,3.0
431,2020-03-23 02:48:00,2020-03-23 03:18:00,Long,1.07239,1.07139,-0.001,SL,30.0
432,2020-03-23 03:21:00,2020-03-23 03:34:00,Short,1.07143,1.07243,-0.001,SL,13.0
433,2020-03-23 04:10:00,2020-03-23 05:28:00,Long,1.07268,1.07468,0.002,TP,78.0
434,2020-03-23 06:24:00,2020-03-23 06:26:00,Short,1.07535,1.07635,-0.001,SL,2.0
435,2020-03-23 06:49:00,2020-03-23 06:51:00,Short,1.07392,1.07192,0.002,TP,2.0
436,2020-03-23 08:34:00,2020-03-23 08:35:00,Long,1.07054,1.06954,-0.001,SL,1.0
437,2020-03-23 09:13:00,2020-03-23 09:33:00,Short,1.06989,1.06789,0.002,TP,20.0
438,2020-03-23 10:52:00,2020-03-23 11:16:00,Long,1.06884,1.06784,-0.001,SL,24.0
439,2020-03-23 11:28:00,2020-03-23 11:39:00,Short,1.06721,1.06821,-0.001,SL,11.0
440,2020-03-23 12:02:00,2020-03-23 12:04:00,Long,1.07087,1.07287,0.002,TP,2.0
441,2020-03-23 13:28:00,2020-03-23 13:39:00,Short,1.07619,1.07419,0.002,TP,11.0
442,2020-03-23 13:59:00,2020-03-23 13:59:00,Long,1.08053,1.07953,-0.001,SL,0.0
443,2020-03-23 15:16:00,2020-03-23 15:29:00,Short,1.08029,1.07829,0.002,TP,13.0
444,2020-03-23 17:00:00,2020-03-23 17:24:00,Long,1.07498,1.07698,0.002,TP,24.0
445,2020-03-23 18:01:00,2020-03-23 18:40:00,Short,1.07489,1.07289,0.002,TP,39.0
446,2020-03-23 19:20:00,2020-03-23 19:52:00,Long,1.07371,1.07271,-0.001,SL,32.0
447,2020-03-23 19:57:00,2020-03-23 22:10:00,Short,1.07281,1.07381,-0.001,SL,133.0
448,2020-03-23 22:58:00,2020-03-23 23:21:00,Short,1.07438,1.07538,-0.001,SL,23.0
449,2020-03-24 00:21:00,2020-03-24 00:32:00,Short,1.07547,1.07647,-0.001,SL,11.0
450,2020-03-24 00:40:00,2020-03-24 00:54:00,Long,1.0777,1.0797,0.002,TP,14.0
451,2020-03-24 01:41:00,2020-03-24 02:12:00,Short,1.0799,1.0809,-0.001,SL,31.0
452,2020-03-24 02:14:00,2020-03-24 02:47:00,Long,1.08126,1.08026,-0.001,SL,33.0
453,2020-03-24 02:50:00,2020-03-24 02:56:00,Short,1.07993,1.08093,-0.001,SL,6.0
454,2020-03-24 03:12:00,2020-03-24 03:18:00,Long,1.08161,1.08061,-0.001,SL,6.0
455,2020-03-24 03:25:00,2020-03-24 05:33:00,Short,1.07989,1.07789,0.002,TP,128.0
456,2020-03-24 06:16:00,2020-03-24 06:34:00,Long,1.07809,1.08009,0.002,TP,18.0
457,2020-03-24 07:25:00,2020-03-24 07:26:00,Short,1.08367,1.08467,-0.001,SL,1.0
458,2020-03-24 07:40:00,2020-03-24 08:28:00,Long,1.08308,1.08208,-0.001,SL,48.0
459,2020-03-24 08:33:00,2020-03-24 08:45:00,Short,1.08331,1.08131,0.002,TP,12.0
460,2020-03-24 09:28:00,2020-03-24 09:47:00,Long,1.08269,1.08469,0.002,TP,19.0
461,2020-03-24 10:44:00,2020-03-24 10:53:00,Short,1.08558,1.08658,-0.001,SL,9.0
462,2020-03-24 11:02:00,2020-03-24 11:11:00,Long,1.08846,1.08746,-0.001,SL,9.0
463,2020-03-24 11:27:00,2020-03-24 11:32:00,Short,1.08547,1.08647,-0.001,SL,5.0
464,2020-03-24 12:04:00,2020-03-24 12:07:00,Long,1.08593,1.08493,-0.001,SL,3.0
465,2020-03-24 12:10:00,2020-03-24 12:18:00,Short,1.084,1.082,0.002,TP,8.0
466,2020-03-24 13:12:00,2020-03-24 13:23:00,Long,1.08434,1.08334,-0.001,SL,11.0
467,2020-03-24 13:42:00,2020-03-24 13:49:00,Short,1.0808,1.0818,-0.001,SL,7.0
468,2020-03-24 15:28:00,2020-03-24 15:33:00,Long,1.0794,1.0784,-0.001,SL,5.0
469,2020-03-24 15:49:00,2020-03-24 15:57:00,Short,1.07876,1.07976,-0.001,SL,8.0
470,2020-03-24 16:02:00,2020-03-24 16:06:00,Long,1.07959,1.08159,0.002,TP,4.0
471,2020-03-24 16:34:00,2020-03-24 17:29:00,Short,1.07882,1.07682,0.002,TP,55.0
472,2020-03-24 18:27:00,2020-03-24 18:39:00,Long,1.07644,1.07544,-0.001,SL,12.0
473,2020-03-24 18:50:00,2020-03-24 19:55:00,Short,1.07533,1.07633,-0.001,SL,65.0
474,2020-03-24 21:12:00,2020-03-24 21:12:00,Short,1.07652,1.07752,-0.001,SL,0.0
475,2020-03-24 21:33:00,2020-03-24 22:25:00,Long,1.07817,1.08017,0.002,TP,52.0
476,2020-03-24 23:27:00,2020-03-24 23:41:00,Short,1.07983,1.08083,-0.001,SL,14.0
477,2020-03-24 23:56:00,2020-03-24 23:59:00,Long,1.08079,1.07979,-0.001,SL,3.0
478,2020-03-25 00:03:00,2020-03-25 00:16:00,Short,1.07891,1.07991,-0.001,SL,13.0
479,2020-03-25 01:11:00,2020-03-25 01:20:00,Long,1.07966,1.07866,-0.001,SL,9.0
480,2020-03-25 02:48:00,2020-03-25 02:58:00,Short,1.08088,1.08188,-0.001,SL,10.0
481,2020-03-25 03:29:00,2020-03-25 06:02:00,Short,1.08103,1.08203,-0.001,SL,153.0
482,2020-03-25 06:44:00,2020-03-25 07:01:00,Short,1.08115,1.08215,-0.001,SL,17.0
483,2020-03-25 07:09:00,2020-03-25 07:45:00,Long,1.08228,1.08128,-0.001,SL,36.0
484,2020-03-25 07:52:00,2020-03-25 08:03:00,Short,1.08194,1.07994,0.002,TP,11.0
485,2020-03-25 08:31:00,2020-03-25 08:52:00,Long,1.08203,1.08403,0.002,TP,21.0
486,2020-03-25 09:40:00,2020-03-25 09:42:00,Short,1.08353,1.08453,-0.001,SL,2.0
487,2020-03-25 09:46:00,2020-03-25 10:06:00,Long,1.08463,1.08363,-0.001,SL,20.0
488,2020-03-25 10:17:00,2020-03-25 10:27:00,Short,1.08347,1.08447,-0.001,SL,10.0
489,2020-03-25 11:27:00,2020-03-25 11:56:00,Long,1.08214,1.08114,-0.001,SL,29.0
490,2020-03-25 12:01:00,2020-03-25 12:55:00,Short,1.0814,1.0824,-0.001,SL,54.0
491,2020-03-25 12:58:00,2020-03-25 13:00:00,Long,1.08247,1.08147,-0.001,SL,2.0
492,2020-03-25 13:43:00,2020-03-25 15:25:00,Short,1.08142,1.07942,0.002,TP,102.0
493,2020-03-25 15:57:00,2020-03-25 15:58:00,Long,1.08078,1.08278,0.002,TP,1.0
494,2020-03-25 18:07:00,2020-03-25 18:11:00,Short,1.08587,1.08687,-0.001,SL,4.0
495,2020-03-25 18:18:00,2020-03-25 18:54:00,Long,1.08738,1.08638,-0.001,SL,36.0
496,2020-03-25 18:56:00,2020-03-25 19:05:00,Short,1.0867,1.0877,-0.001,SL,9.0
497,2020-03-25 19:20:00,2020-03-25 19:34:00,Long,1.08677,1.08877,0.002,TP,14.0
498,2020-03-25 20:54:00,2020-03-26 00:22:00,Short,1.08837,1.08937,-0.001,SL,208.0
499,2020-03-26 00:31:00,2020-03-26 00:41:00,Long,1.08899,1.09099,0.002,TP,10.0
500,2020-03-26 01:22:00,2020-03-26 03:00:00,Short,1.09072,1.09172,-0.001,SL,98.0
501,2020-03-26 04:19:00,2020-03-26 05:30:00,Short,1.09093,1.09193,-0.001,SL,71.0
502,2020-03-26 05:56:00,2020-03-26 07:06:00,Short,1.09079,1.09179,-0.001,SL,70.0
503,2020-03-26 07:35:00,2020-03-26 07:58:00,Short,1.09136,1.09236,-0.001,SL,23.0
504,2020-03-26 08:02:00,2020-03-26 09:14:00,Long,1.09264,1.09464,0.002,TP,72.0
505,2020-03-26 09:33:00,2020-03-26 09:35:00,Short,1.09285,1.09385,-0.001,SL,2.0
506,2020-03-26 09:52:00,2020-03-26 11:04:00,Long,1.09455,1.09655,0.002,TP,72.0
507,2020-03-26 11:50:00,2020-03-26 12:12:00,Short,1.09631,1.09431,0.002,TP,22.0
508,2020-03-26 12:52:00,2020-03-26 12:56:00,Long,1.09441,1.09641,0.002,TP,4.0
509,2020-03-26 13:38:00,2020-03-26 13:39:00,Short,1.09493,1.09593,-0.001,SL,1.0
510,2020-03-26 14:07:00,2020-03-26 14:12:00,Long,1.09693,1.09593,-0.001,SL,5.0
511,2020-03-26 14:46:00,2020-03-26 14:57:00,Short,1.09647,1.09747,-0.001,SL,11.0
512,2020-03-26 15:02:00,2020-03-26 15:25:00,Long,1.09951,1.10151,0.002,TP,23.0
513,2020-03-26 15:53:00,2020-03-26 15:56:00,Short,1.10053,1.10153,-0.001,SL,3.0
514,2020-03-26 15:59:00,2020-03-26 16:03:00,Long,1.10251,1.10151,-0.001,SL,4.0
515,2020-03-26 17:24:00,2020-03-26 17:31:00,Short,1.10206,1.10306,-0.001,SL,7.0
516,2020-03-26 17:44:00,2020-03-26 17:59:00,Long,1.10357,1.10257,-0.001,SL,15.0
517,2020-03-26 18:06:00,2020-03-26 18:38:00,Short,1.10281,1.10381,-0.001,SL,32.0
518,2020-03-26 19:18:00,2020-03-26 19:25:00,Short,1.10305,1.10405,-0.001,SL,7.0
519,2020-03-26 19:39:00,2020-03-26 20:59:00,Long,1.10401,1.10301,-0.001,SL,80.0
520,2020-03-26 22:01:00,2020-03-26 23:44:00,Long,1.10309,1.10509,0.002,TP,103.0
521,2020-03-27 00:10:00,2020-03-27 02:51:00,Short,1.10428,1.10528,-0.001,SL,161.0
522,2020-03-27 04:15:00,2020-03-27 06:33:00,Short,1.10668,1.10468,0.002,TP,138.0
523,2020-03-27 08:07:00,2020-03-27 08:27:00,Long,1.10289,1.10189,-0.001,SL,20.0
524,2020-03-27 08:36:00,2020-03-27 08:56:00,Short,1.1025,1.1005,0.002,TP,20.0
525,2020-03-27 09:55:00,2020-03-27 09:57:00,Long,1.10158,1.10058,-0.001,SL,2.0
526,2020-03-27 10:14:00,2020-03-27 10:45:00,Short,1.10034,1.10134,-0.001,SL,31.0
527,2020-03-27 11:57:00,2020-03-27 12:35:00,Short,1.10111,1.09911,0.002,TP,38.0
528,2020-03-27 13:59:00,2020-03-27 14:10:00,Long,1.09817,1.10017,0.002,TP,11.0
529,2020-03-27 14:42:00,2020-03-27 14:46:00,Short,1.09845,1.09945,-0.001,SL,4.0
530,2020-03-27 14:59:00,2020-03-27 15:16:00,Long,1.1006,1.1026,0.002,TP,17.0
531,2020-03-27 16:49:00,2020-03-27 16:55:00,Short,1.10696,1.10796,-0.001,SL,6.0
532,2020-03-27 17:07:00,2020-03-27 17:11:00,Long,1.10808,1.10708,-0.001,SL,4.0
533,2020-03-27 17:25:00,2020-03-27 17:41:00,Short,1.10708,1.10808,-0.001,SL,16.0
534,2020-03-27 17:45:00,2020-03-27 18:01:00,Long,1.10833,1.11033,0.002,TP,16.0
535,2020-03-27 18:34:00,2020-03-27 18:57:00,Short,1.11002,1.11102,-0.001,SL,23.0
536,2020-03-27 19:48:00,2020-03-27 20:03:00,Short,1.11217,1.11317,-0.001,SL,15.0
537,2020-03-27 20:09:00,2020-03-29 21:01:00,Long,1.11316,1.11216,-0.001,SL,2932.0
538,2020-03-29 21:46:00,2020-03-29 22:20:00,Long,1.11237,1.11137,-0.001,SL,34.0
539,2020-03-29 23:08:00,2020-03-29 23:45:00,Long,1.11137,1.11337,0.002,TP,37.0
540,2020-03-30 00:16:00,2020-03-30 00:45:00,Short,1.11254,1.11054,0.002,TP,29.0
541,2020-03-30 01:20:00,2020-03-30 01:25:00,Long,1.11132,1.11032,-0.001,SL,5.0
542,2020-03-30 01:39:00,2020-03-30 04:05:00,Short,1.10955,1.10755,0.002,TP,146.0
543,2020-03-30 04:34:00,2020-03-30 05:55:00,Long,1.10688,1.10888,0.002,TP,81.0
544,2020-03-30 06:31:00,2020-03-30 06:59:00,Short,1.10826,1.10626,0.002,TP,28.0
545,2020-03-30 07:21:00,2020-03-30 07:24:00,Long,1.10855,1.10755,-0.001,SL,3.0
546,2020-03-30 07:32:00,2020-03-30 07:51:00,Short,1.10666,1.10766,-0.001,SL,19.0
547,2020-03-30 08:02:00,2020-03-30 09:37:00,Long,1.10767,1.10667,-0.001,SL,95.0
548,2020-03-30 10:48:00,2020-03-30 11:16:00,Long,1.10698,1.10598,-0.001,SL,28.0
549,2020-03-30 11:19:00,2020-03-30 12:11:00,Short,1.10594,1.10394,0.002,TP,52.0
550,2020-03-30 12:13:00,2020-03-30 12:56:00,Short,1.10379,1.10179,0.002,TP,43.0
551,2020-03-30 13:25:00,2020-03-30 13:30:00,Long,1.10328,1.10228,-0.001,SL,5.0
552,2020-03-30 13:52:00,2020-03-30 13:57:00,Short,1.10209,1.10309,-0.001,SL,5.0
553,2020-03-30 14:05:00,2020-03-30 14:12:00,Long,1.10384,1.10284,-0.001,SL,7.0
554,2020-03-30 14:30:00,2020-03-30 14:34:00,Short,1.10243,1.10343,-0.001,SL,4.0
555,2020-03-30 14:50:00,2020-03-30 14:51:00,Long,1.10336,1.10236,-0.001,SL,1.0
556,2020-03-30 15:09:00,2020-03-30 15:34:00,Short,1.10352,1.10452,-0.001,SL,25.0
557,2020-03-30 15:52:00,2020-03-30 18:09:00,Short,1.10173,1.10273,-0.001,SL,137.0
558,2020-03-30 18:58:00,2020-03-30 19:06:00,Short,1.10263,1.10363,-0.001,SL,8.0
559,2020-03-30 19:18:00,2020-03-30 21:18:00,Long,1.10439,1.10339,-0.001,SL,120.0
560,2020-03-30 21:50:00,2020-03-30 23:08:00,Long,1.10439,1.10339,-0.001,SL,78.0
561,2020-03-31 00:06:00,2020-03-31 00:52:00,Long,1.10268,1.10168,-0.001,SL,46.0
562,2020-03-31 00:54:00,2020-03-31 00:55:00,Short,1.1006,1.0986,0.002,TP,1.0
563,2020-03-31 02:00:00,2020-03-31 06:27:00,Long,1.10158,1.10058,-0.001,SL,267.0
564,2020-03-31 06:29:00,2020-03-31 08:52:00,Short,1.10065,1.09865,0.002,TP,143.0
565,2020-03-31 10:15:00,2020-03-31 10:25:00,Long,1.09718,1.09618,-0.001,SL,10.0
566,2020-03-31 11:46:00,2020-03-31 12:30:00,Long,1.09428,1.09628,0.002,TP,44.0
567,2020-03-31 13:24:00,2020-03-31 13:33:00,Short,1.09601,1.09701,-0.001,SL,9.0
568,2020-03-31 13:50:00,2020-03-31 13:57:00,Long,1.09677,1.09577,-0.001,SL,7.0
569,2020-03-31 14:00:00,2020-03-31 14:13:00,Short,1.09531,1.09631,-0.001,SL,13.0
570,2020-03-31 14:30:00,2020-03-31 14:36:00,Long,1.09696,1.09896,0.002,TP,6.0
571,2020-03-31 15:03:00,2020-03-31 15:06:00,Short,1.09725,1.09825,-0.001,SL,3.0
572,2020-03-31 15:09:00,2020-03-31 15:41:00,Long,1.09884,1.10084,0.002,TP,32.0
573,2020-03-31 16:17:00,2020-03-31 16:46:00,Short,1.09962,1.09762,0.002,TP,29.0
574,2020-03-31 17:30:00,2020-03-31 17:32:00,Long,1.0978,1.0968,-0.001,SL,2.0
575,2020-03-31 17:39:00,2020-03-31 17:55:00,Short,1.09655,1.09755,-0.001,SL,16.0
576,2020-03-31 17:59:00,2020-03-31 18:07:00,Long,1.10061,1.09961,-0.001,SL,8.0
577,2020-03-31 18:45:00,2020-03-31 19:47:00,Short,1.10121,1.10221,-0.001,SL,62.0
578,2020-03-31 20:32:00,2020-03-31 20:46:00,Short,1.10254,1.10354,-0.001,SL,14.0
579,2020-03-31 21:52:00,2020-04-01 02:04:00,Short,1.10276,1.10076,0.002,TP,252.0
580,2020-04-01 02:27:00,2020-04-01 06:21:00,Long,1.10144,1.10044,-0.001,SL,234.0
581,2020-04-01 08:55:00,2020-04-01 09:08:00,Long,1.0953,1.0943,-0.001,SL,13.0
582,2020-04-01 09:18:00,2020-04-01 10:15:00,Short,1.09284,1.09384,-0.001,SL,57.0
583,2020-04-01 11:42:00,2020-04-01 15:04:00,Short,1.09368,1.09168,0.002,TP,202.0
584,2020-04-01 15:16:00,2020-04-01 17:06:00,Long,1.09274,1.09174,-0.001,SL,110.0
585,2020-04-01 18:04:00,2020-04-01 18:17:00,Long,1.0933,1.0923,-0.001,SL,13.0
586,2020-04-01 18:45:00,2020-04-01 19:23:00,Short,1.09306,1.09406,-0.001,SL,38.0
587,2020-04-01 21:23:00,2020-04-02 02:44:00,Short,1.09555,1.09355,0.002,TP,321.0
588,2020-04-02 03:31:00,2020-04-02 06:07:00,Long,1.09376,1.09576,0.002,TP,156.0
589,2020-04-02 06:42:00,2020-04-02 08:00:00,Short,1.09514,1.09314,0.002,TP,78.0
590,2020-04-02 09:00:00,2020-04-02 09:29:00,Long,1.09188,1.09388,0.002,TP,29.0
591,2020-04-02 10:10:00,2020-04-02 10:59:00,Short,1.09371,1.09171,0.002,TP,49.0
592,2020-04-02 11:37:00,2020-04-02 11:49:00,Long,1.09211,1.09111,-0.001,SL,12.0
593,2020-04-02 12:46:00,2020-04-02 12:51:00,Long,1.09038,1.08938,-0.001,SL,5.0
594,2020-04-02 12:53:00,2020-04-02 13:03:00,Short,1.08894,1.08694,0.002,TP,10.0
595,2020-04-02 14:18:00,2020-04-02 14:37:00,Long,1.08643,1.08843,0.002,TP,19.0
596,2020-04-02 15:00:00,2020-04-02 15:21:00,Short,1.08622,1.08722,-0.001,SL,21.0
597,2020-04-02 15:27:00,2020-04-02 15:29:00,Long,1.08784,1.08684,-0.001,SL,2.0
598,2020-04-02 15:44:00,2020-04-02 15:48:00,Short,1.08506,1.08606,-0.001,SL,4.0
599,2020-04-02 16:07:00,2020-04-02 16:21:00,Long,1.08633,1.08533,-0.001,SL,14.0
600,2020-04-02 16:28:00,2020-04-02 17:39:00,Short,1.08504,1.08304,0.002,TP,71.0
601,2020-04-02 18:44:00,2020-04-02 18:59:00,Long,1.08303,1.08503,0.002,TP,15.0
602,2020-04-02 19:41:00,2020-04-02 19:54:00,Short,1.08449,1.08549,-0.001,SL,13.0
603,2020-04-02 21:00:00,2020-04-03 00:31:00,Short,1.08557,1.08357,0.002,TP,211.0
604,2020-04-03 01:03:00,2020-04-03 06:20:00,Long,1.08432,1.08332,-0.001,SL,317.0
605,2020-04-03 08:21:00,2020-04-03 09:09:00,Long,1.08018,1.07918,-0.001,SL,48.0
606,2020-04-03 09:29:00,2020-04-03 11:10:00,Long,1.07989,1.07889,-0.001,SL,101.0
607,2020-04-03 12:28:00,2020-04-03 12:31:00,Long,1.07979,1.07879,-0.001,SL,3.0
608,2020-04-03 12:49:00,2020-04-03 14:57:00,Short,1.07893,1.07993,-0.001,SL,128.0
609,2020-04-03 15:02:00,2020-04-03 15:47:00,Long,1.07943,1.07843,-0.001,SL,45.0
610,2020-04-03 16:11:00,2020-04-03 18:16:00,Long,1.07847,1.08047,0.002,TP,125.0
611,2020-04-03 19:52:00,2020-04-03 20:59:00,Short,1.08181,1.07981,0.002,TP,67.0
612,2020-04-05 21:01:00,2020-04-06 00:04:00,Long,1.08089,1.07989,-0.001,SL,183.0
613,2020-04-06 00:36:00,2020-04-06 05:44:00,Long,1.08147,1.08347,0.002,TP,308.0
614,2020-04-06 06:06:00,2020-04-06 08:31:00,Short,1.08231,1.08031,0.002,TP,145.0
615,2020-04-06 09:14:00,2020-04-06 11:54:00,Long,1.07986,1.07886,-0.001,SL,160.0
616,2020-04-06 12:13:00,2020-04-06 12:45:00,Long,1.07931,1.07831,-0.001,SL,32.0
617,2020-04-06 13:02:00,2020-04-06 13:35:00,Long,1.07864,1.07764,-0.001,SL,33.0
618,2020-04-06 13:56:00,2020-04-06 14:55:00,Long,1.07918,1.07818,-0.001,SL,59.0
619,2020-04-06 15:15:00,2020-04-06 16:14:00,Long,1.08039,1.07939,-0.001,SL,59.0
620,2020-04-06 17:01:00,2020-04-06 17:32:00,Long,1.08013,1.07913,-0.001,SL,31.0
621,2020-04-06 17:59:00,2020-04-06 19:11:00,Long,1.08006,1.07906,-0.001,SL,72.0
622,2020-04-06 19:51:00,2020-04-07 03:19:00,Long,1.07901,1.08101,0.002,TP,448.0
623,2020-04-07 04:16:00,2020-04-07 04:38:00,Short,1.08113,1.08213,-0.001,SL,22.0
624,2020-04-07 04:40:00,2020-04-07 06:49:00,Long,1.08227,1.08427,0.002,TP,129.0
625,2020-04-07 07:58:00,2020-04-07 08:41:00,Short,1.08744,1.08544,0.002,TP,43.0
626,2020-04-07 09:04:00,2020-04-07 09:42:00,Long,1.08709,1.08609,-0.001,SL,38.0
627,2020-04-07 09:45:00,2020-04-07 09:51:00,Short,1.08619,1.08719,-0.001,SL,6.0
628,2020-04-07 10:03:00,2020-04-07 11:20:00,Long,1.08793,1.08693,-0.001,SL,77.0
629,2020-04-07 11:57:00,2020-04-07 12:20:00,Long,1.08785,1.08985,0.002,TP,23.0
630,2020-04-07 13:11:00,2020-04-07 13:46:00,Short,1.09058,1.09158,-0.001,SL,35.0
631,2020-04-07 14:34:00,2020-04-07 14:57:00,Short,1.09053,1.08853,0.002,TP,23.0
632,2020-04-07 15:43:00,2020-04-08 00:33:00,Long,1.08909,1.08809,-0.001,SL,530.0
633,2020-04-08 01:22:00,2020-04-08 02:21:00,Long,1.08769,1.08669,-0.001,SL,59.0
634,2020-04-08 02:29:00,2020-04-08 05:48:00,Short,1.08692,1.08792,-0.001,SL,199.0
635,2020-04-08 06:07:00,2020-04-08 07:03:00,Short,1.08493,1.08593,-0.001,SL,56.0
636,2020-04-08 07:30:00,2020-04-08 07:54:00,Short,1.08498,1.08598,-0.001,SL,24.0
637,2020-04-08 07:57:00,2020-04-08 08:38:00,Long,1.08594,1.08494,-0.001,SL,41.0
638,2020-04-08 09:00:00,2020-04-08 09:29:00,Long,1.08526,1.08726,0.002,TP,29.0
639,2020-04-08 09:58:00,2020-04-08 10:31:00,Short,1.08642,1.08742,-0.001,SL,33.0
640,2020-04-08 11:09:00,2020-04-08 12:46:00,Short,1.0871,1.0881,-0.001,SL,97.0
641,2020-04-08 14:04:00,2020-04-08 14:55:00,Short,1.08848,1.08648,0.002,TP,51.0
642,2020-04-08 15:29:00,2020-04-08 15:57:00,Long,1.08718,1.08618,-0.001,SL,28.0
643,2020-04-08 16:48:00,2020-04-08 20:33:00,Long,1.08602,1.08502,-0.001,SL,225.0
644,2020-04-08 21:00:00,2020-04-09 00:51:00,Long,1.08559,1.08759,0.002,TP,231.0
645,2020-04-09 01:19:00,2020-04-09 06:07:00,Short,1.08666,1.08466,0.002,TP,288.0
646,2020-04-09 06:45:00,2020-04-09 07:02:00,Long,1.0846,1.0866,0.002,TP,17.0
647,2020-04-09 08:21:00,2020-04-09 09:39:00,Short,1.08679,1.08779,-0.001,SL,78.0
648,2020-04-09 10:38:00,2020-04-09 11:28:00,Short,1.08747,1.08547,0.002,TP,50.0
649,2020-04-09 12:03:00,2020-04-09 12:31:00,Long,1.08589,1.08789,0.002,TP,28.0
650,2020-04-09 14:06:00,2020-04-09 14:13:00,Short,1.0921,1.0931,-0.001,SL,7.0
651,2020-04-09 14:59:00,2020-04-09 15:04:00,Long,1.09383,1.09283,-0.001,SL,5.0
652,2020-04-09 15:41:00,2020-04-09 17:26:00,Short,1.09307,1.09407,-0.001,SL,105.0
653,2020-04-09 18:03:00,2020-04-10 06:52:00,Short,1.09371,1.09471,-0.001,SL,769.0
654,2020-04-10 07:55:00,2020-04-10 16:02:00,Short,1.09423,1.09523,-0.001,SL,487.0
655,2020-04-10 16:49:00,2020-04-13 01:02:00,Short,1.09478,1.09278,0.002,TP,3373.0
656,2020-04-13 01:20:00,2020-04-13 01:29:00,Long,1.09411,1.09311,-0.001,SL,9.0
657,2020-04-13 01:41:00,2020-04-13 04:20:00,Short,1.09283,1.09383,-0.001,SL,159.0
658,2020-04-13 04:54:00,2020-04-13 06:22:00,Short,1.09353,1.09453,-0.001,SL,88.0
659,2020-04-13 07:40:00,2020-04-13 08:12:00,Short,1.09596,1.09396,0.002,TP,32.0
660,2020-04-13 09:03:00,2020-04-13 10:13:00,Long,1.09333,1.09233,-0.001,SL,70.0
661,2020-04-13 10:55:00,2020-04-13 13:35:00,Long,1.09158,1.09058,-0.001,SL,160.0
662,2020-04-13 14:09:00,2020-04-13 14:55:00,Long,1.09088,1.08988,-0.001,SL,46.0
663,2020-04-13 15:33:00,2020-04-13 23:52:00,Long,1.09057,1.09257,0.002,TP,499.0
664,2020-04-14 00:30:00,2020-04-14 01:46:00,Short,1.09188,1.09288,-0.001,SL,76.0
665,2020-04-14 03:42:00,2020-04-14 08:12:00,Short,1.09428,1.09228,0.002,TP,270.0
666,2020-04-14 08:52:00,2020-04-14 09:29:00,Long,1.09198,1.09398,0.002,TP,37.0
667,2020-04-14 10:19:00,2020-04-14 11:31:00,Short,1.09406,1.09506,-0.001,SL,72.0
668,2020-04-14 13:09:00,2020-04-14 14:16:00,Short,1.0962,1.0972,-0.001,SL,67.0
669,2020-04-14 15:07:00,2020-04-14 16:20:00,Short,1.09619,1.09719,-0.001,SL,73.0
670,2020-04-14 16:49:00,2020-04-14 17:22:00,Short,1.09633,1.09733,-0.001,SL,33.0
671,2020-04-14 17:41:00,2020-04-14 17:55:00,Short,1.09662,1.09762,-0.001,SL,14.0
672,2020-04-14 17:58:00,2020-04-14 18:16:00,Long,1.0982,1.0972,-0.001,SL,18.0
673,2020-04-14 18:49:00,2020-04-14 19:27:00,Short,1.09765,1.09865,-0.001,SL,38.0
674,2020-04-14 19:54:00,2020-04-15 06:06:00,Short,1.09828,1.09628,0.002,TP,612.0
675,2020-04-15 07:04:00,2020-04-15 07:15:00,Long,1.09661,1.09561,-0.001,SL,11.0
676,2020-04-15 07:22:00,2020-04-15 07:51:00,Short,1.09533,1.09333,0.002,TP,29.0
677,2020-04-15 08:31:00,2020-04-15 08:45:00,Long,1.09362,1.09262,-0.001,SL,14.0
678,2020-04-15 08:47:00,2020-04-15 09:18:00,Short,1.09233,1.09333,-0.001,SL,31.0
679,2020-04-15 09:56:00,2020-04-15 10:34:00,Short,1.09302,1.09102,0.002,TP,38.0
680,2020-04-15 11:18:00,2020-04-15 12:16:00,Long,1.09109,1.09009,-0.001,SL,58.0
681,2020-04-15 13:18:00,2020-04-15 14:31:00,Long,1.08715,1.08915,0.002,TP,73.0
682,2020-04-15 16:07:00,2020-04-15 16:33:00,Short,1.09028,1.09128,-0.001,SL,26.0
683,2020-04-15 16:38:00,2020-04-15 18:27:00,Long,1.09178,1.09378,0.002,TP,109.0
684,2020-04-15 18:57:00,2020-04-15 22:46:00,Short,1.09242,1.09042,0.002,TP,229.0
685,2020-04-15 23:34:00,2020-04-16 00:22:00,Long,1.09034,1.08934,-0.001,SL,48.0
686,2020-04-16 01:40:00,2020-04-16 01:46:00,Long,1.08921,1.08821,-0.001,SL,6.0
687,2020-04-16 01:56:00,2020-04-16 06:18:00,Short,1.08796,1.08896,-0.001,SL,262.0
688,2020-04-16 06:22:00,2020-04-16 07:11:00,Long,1.0888,1.0878,-0.001,SL,49.0
689,2020-04-16 08:23:00,2020-04-16 09:27:00,Long,1.08798,1.08698,-0.001,SL,64.0
690,2020-04-16 10:16:00,2020-04-16 12:06:00,Long,1.0867,1.0887,0.002,TP,110.0
691,2020-04-16 12:49:00,2020-04-16 14:45:00,Short,1.08861,1.08661,0.002,TP,116.0
692,2020-04-16 15:53:00,2020-04-16 16:30:00,Long,1.08389,1.08289,-0.001,SL,37.0
693,2020-04-16 17:00:00,2020-04-16 21:45:00,Long,1.08334,1.08534,0.002,TP,285.0
694,2020-04-16 22:24:00,2020-04-16 23:20:00,Short,1.08547,1.08647,-0.001,SL,56.0
695,2020-04-16 23:57:00,2020-04-17 01:07:00,Short,1.08577,1.08677,-0.001,SL,70.0
696,2020-04-17 02:03:00,2020-04-17 06:15:00,Short,1.0871,1.0851,0.002,TP,252.0
697,2020-04-17 06:55:00,2020-04-17 07:10:00,Long,1.08531,1.08431,-0.001,SL,15.0
698,2020-04-17 07:12:00,2020-04-17 08:15:00,Short,1.08395,1.08195,0.002,TP,63.0
699,2020-04-17 08:38:00,2020-04-17 09:09:00,Long,1.08304,1.08204,-0.001,SL,31.0
700,2020-04-17 10:28:00,2020-04-17 11:08:00,Long,1.08233,1.08433,0.002,TP,40.0
701,2020-04-17 11:44:00,2020-04-17 11:56:00,Short,1.08341,1.08441,-0.001,SL,12.0
702,2020-04-17 12:04:00,2020-04-17 12:16:00,Long,1.08464,1.08664,0.002,TP,12.0
703,2020-04-17 13:03:00,2020-04-17 13:22:00,Short,1.08626,1.08726,-0.001,SL,19.0
704,2020-04-17 14:35:00,2020-04-17 14:54:00,Short,1.08766,1.08866,-0.001,SL,19.0
705,2020-04-17 14:56:00,2020-04-17 15:12:00,Long,1.08878,1.08778,-0.001,SL,16.0
706,2020-04-17 15:24:00,2020-04-17 16:34:00,Short,1.08801,1.08601,0.002,TP,70.0
707,2020-04-17 17:07:00,2020-04-20 00:04:00,Long,1.08715,1.08615,-0.001,SL,3297.0
708,2020-04-20 00:43:00,2020-04-20 05:39:00,Long,1.08652,1.08552,-0.001,SL,296.0
709,2020-04-20 06:42:00,2020-04-20 08:46:00,Long,1.08523,1.08723,0.002,TP,124.0
710,2020-04-20 09:44:00,2020-04-20 10:32:00,Short,1.08838,1.08638,0.002,TP,48.0
711,2020-04-20 11:54:00,2020-04-20 12:02:00,Long,1.08626,1.08526,-0.001,SL,8.0
712,2020-04-20 12:12:00,2020-04-20 12:42:00,Short,1.08561,1.08661,-0.001,SL,30.0
713,2020-04-20 13:17:00,2020-04-20 14:06:00,Short,1.08608,1.08708,-0.001,SL,49.0
714,2020-04-20 15:24:00,2020-04-20 20:00:00,Short,1.08763,1.08563,0.002,TP,276.0
715,2020-04-20 20:25:00,2020-04-21 01:46:00,Long,1.08613,1.08513,-0.001,SL,321.0
716,2020-04-21 03:01:00,2020-04-21 08:01:00,Long,1.08303,1.08203,-0.001,SL,300.0
717,2020-04-21 08:38:00,2020-04-21 09:35:00,Long,1.08306,1.08506,0.002,TP,57.0
718,2020-04-21 09:37:00,2020-04-21 09:53:00,Long,1.08474,1.08374,-0.001,SL,16.0
719,2020-04-21 09:59:00,2020-04-21 12:28:00,Short,1.08305,1.08405,-0.001,SL,149.0
720,2020-04-21 12:50:00,2020-04-21 13:46:00,Short,1.08339,1.08439,-0.001,SL,56.0
721,2020-04-21 14:43:00,2020-04-21 15:08:00,Short,1.08573,1.08673,-0.001,SL,25.0
722,2020-04-21 15:14:00,2020-04-21 15:58:00,Long,1.08665,1.08565,-0.001,SL,44.0
723,2020-04-21 17:39:00,2020-04-22 07:19:00,Long,1.08499,1.08699,0.002,TP,820.0
724,2020-04-22 07:27:00,2020-04-22 07:59:00,Long,1.08656,1.08556,-0.001,SL,32.0
725,2020-04-22 08:55:00,2020-04-22 11:14:00,Long,1.08598,1.08798,0.002,TP,139.0
726,2020-04-22 11:57:00,2020-04-22 13:52:00,Short,1.0874,1.0854,0.002,TP,115.0
727,2020-04-22 15:34:00,2020-04-22 16:26:00,Long,1.08281,1.08181,-0.001,SL,52.0
728,2020-04-22 17:59:00,2020-04-23 05:53:00,Long,1.08137,1.08337,0.002,TP,714.0
729,2020-04-23 06:29:00,2020-04-23 07:15:00,Short,1.08249,1.08049,0.002,TP,46.0
730,2020-04-23 08:06:00,2020-04-23 09:09:00,Long,1.07998,1.07898,-0.001,SL,63.0
731,2020-04-23 11:05:00,2020-04-23 11:57:00,Long,1.07778,1.07678,-0.001,SL,52.0
732,2020-04-23 12:22:00,2020-04-23 14:14:00,Long,1.07849,1.08049,0.002,TP,112.0
733,2020-04-23 15:04:00,2020-04-23 15:44:00,Short,1.08322,1.08122,0.002,TP,40.0
734,2020-04-23 16:34:00,2020-04-23 17:06:00,Long,1.08146,1.08046,-0.001,SL,32.0
735,2020-04-23 18:29:00,2020-04-23 20:27:00,Long,1.07776,1.07676,-0.001,SL,118.0
736,2020-04-23 20:54:00,2020-04-24 00:24:00,Long,1.07763,1.07663,-0.001,SL,210.0
737,2020-04-24 01:13:00,2020-04-24 06:10:00,Long,1.07655,1.07555,-0.001,SL,297.0
738,2020-04-24 06:38:00,2020-04-24 06:52:00,Long,1.07637,1.07537,-0.001,SL,14.0
739,2020-04-24 06:56:00,2020-04-24 07:10:00,Short,1.07516,1.07316,0.002,TP,14.0
740,2020-04-24 07:42:00,2020-04-24 08:01:00,Long,1.07434,1.07334,-0.001,SL,19.0
741,2020-04-24 08:10:00,2020-04-24 08:17:00,Short,1.07403,1.07503,-0.001,SL,7.0
742,2020-04-24 08:23:00,2020-04-24 09:32:00,Long,1.07448,1.07648,0.002,TP,69.0
743,2020-04-24 11:47:00,2020-04-24 12:14:00,Short,1.07869,1.07969,-0.001,SL,27.0
744,2020-04-24 13:05:00,2020-04-24 14:18:00,Short,1.07998,1.08098,-0.001,SL,73.0
745,2020-04-24 15:13:00,2020-04-24 19:24:00,Short,1.07968,1.08068,-0.001,SL,251.0
746,2020-04-24 21:21:00,2020-04-27 01:32:00,Short,1.08196,1.08296,-0.001,SL,3131.0
747,2020-04-27 02:17:00,2020-04-27 04:34:00,Short,1.08255,1.08355,-0.001,SL,137.0
748,2020-04-27 06:54:00,2020-04-27 07:41:00,Short,1.08544,1.08344,0.002,TP,47.0
749,2020-04-27 08:10:00,2020-04-27 11:33:00,Long,1.08445,1.08345,-0.001,SL,203.0
750,2020-04-27 11:53:00,2020-04-27 14:12:00,Long,1.08461,1.08361,-0.001,SL,139.0
751,2020-04-27 15:06:00,2020-04-27 15:16:00,Long,1.08415,1.08315,-0.001,SL,10.0
752,2020-04-27 15:22:00,2020-04-28 06:31:00,Short,1.08307,1.08107,0.002,TP,909.0
753,2020-04-28 07:11:00,2020-04-28 07:56:00,Long,1.08194,1.08394,0.002,TP,45.0
754,2020-04-28 09:04:00,2020-04-28 09:20:00,Short,1.08484,1.08584,-0.001,SL,16.0
755,2020-04-28 09:24:00,2020-04-28 11:17:00,Long,1.08661,1.08861,0.002,TP,113.0
756,2020-04-28 11:58:00,2020-04-28 13:15:00,Short,1.08827,1.08627,0.002,TP,77.0
757,2020-04-28 14:34:00,2020-04-28 14:56:00,Long,1.08519,1.08419,-0.001,SL,22.0
758,2020-04-28 15:00:00,2020-04-28 15:27:00,Short,1.08327,1.08427,-0.001,SL,27.0
759,2020-04-28 15:40:00,2020-04-28 16:00:00,Long,1.0845,1.0835,-0.001,SL,20.0
760,2020-04-28 16:06:00,2020-04-29 01:28:00,Short,1.0836,1.0846,-0.001,SL,562.0
761,2020-04-29 02:08:00,2020-04-29 07:04:00,Short,1.08493,1.08593,-0.001,SL,296.0
762,2020-04-29 08:50:00,2020-04-29 11:06:00,Short,1.08641,1.08441,0.002,TP,136.0
763,2020-04-29 11:29:00,2020-04-29 12:25:00,Long,1.08496,1.08396,-0.001,SL,56.0
764,2020-04-29 12:37:00,2020-04-29 13:10:00,Long,1.08463,1.08663,0.002,TP,33.0
765,2020-04-29 14:07:00,2020-04-29 17:25:00,Short,1.08517,1.08617,-0.001,SL,198.0
766,2020-04-29 17:57:00,2020-04-29 18:01:00,Short,1.08604,1.08704,-0.001,SL,4.0
767,2020-04-29 19:06:00,2020-04-30 00:37:00,Short,1.08767,1.08567,0.002,TP,331.0
768,2020-04-30 01:16:00,2020-04-30 06:58:00,Long,1.08609,1.08809,0.002,TP,342.0
769,2020-04-30 07:32:00,2020-04-30 07:46:00,Short,1.0874,1.0884,-0.001,SL,14.0
770,2020-04-30 07:52:00,2020-04-30 09:55:00,Long,1.08758,1.08658,-0.001,SL,123.0
771,2020-04-30 10:24:00,2020-04-30 11:47:00,Long,1.08758,1.08658,-0.001,SL,83.0
772,2020-04-30 12:01:00,2020-04-30 12:48:00,Short,1.08691,1.08791,-0.001,SL,47.0
773,2020-04-30 12:54:00,2020-04-30 13:03:00,Long,1.08756,1.08656,-0.001,SL,9.0
774,2020-04-30 13:12:00,2020-04-30 13:23:00,Short,1.08382,1.08482,-0.001,SL,11.0
775,2020-04-30 13:54:00,2020-04-30 14:18:00,Long,1.08517,1.08717,0.002,TP,24.0
776,2020-04-30 15:56:00,2020-04-30 17:04:00,Short,1.09328,1.09428,-0.001,SL,68.0
777,2020-04-30 18:06:00,2020-04-30 18:43:00,Short,1.09472,1.09572,-0.001,SL,37.0
778,2020-04-30 19:41:00,2020-05-01 00:10:00,Short,1.09571,1.09371,0.002,TP,269.0
779,2020-05-01 00:57:00,2020-05-01 06:18:00,Long,1.09441,1.09641,0.002,TP,321.0
780,2020-05-01 06:48:00,2020-05-01 07:02:00,Short,1.09551,1.09651,-0.001,SL,14.0
781,2020-05-01 07:09:00,2020-05-01 07:19:00,Long,1.09657,1.09557,-0.001,SL,10.0
782,2020-05-01 07:28:00,2020-05-01 07:57:00,Short,1.0954,1.0964,-0.001,SL,29.0
783,2020-05-01 07:59:00,2020-05-01 09:28:00,Long,1.09643,1.09843,0.002,TP,89.0
784,2020-05-01 10:48:00,2020-05-01 14:15:00,Short,1.09795,1.09895,-0.001,SL,207.0
785,2020-05-01 15:15:00,2020-05-01 15:27:00,Short,1.1002,1.1012,-0.001,SL,12.0
786,2020-05-01 15:33:00,2020-05-01 15:46:00,Long,1.10085,1.09985,-0.001,SL,13.0
787,2020-05-01 15:50:00,2020-05-01 18:12:00,Short,1.09974,1.09774,0.002,TP,142.0
788,2020-05-01 19:31:00,2020-05-03 21:00:00,Long,1.09779,1.09679,-0.001,SL,2969.0
789,2020-05-03 22:00:00,2020-05-03 22:29:00,Long,1.09705,1.09605,-0.001,SL,29.0
790,2020-05-03 23:16:00,2020-05-04 00:50:00,Long,1.09596,1.09496,-0.001,SL,94.0
791,2020-05-04 00:52:00,2020-05-04 05:53:00,Short,1.09488,1.09288,0.002,TP,301.0
792,2020-05-04 06:25:00,2020-05-04 08:07:00,Long,1.09347,1.09247,-0.001,SL,102.0
793,2020-05-04 08:33:00,2020-05-04 09:22:00,Long,1.09387,1.09287,-0.001,SL,49.0
794,2020-05-04 09:50:00,2020-05-04 10:52:00,Long,1.09424,1.09324,-0.001,SL,62.0
795,2020-05-04 11:38:00,2020-05-04 13:26:00,Long,1.09344,1.09244,-0.001,SL,108.0
796,2020-05-04 14:06:00,2020-05-04 14:13:00,Long,1.09313,1.09213,-0.001,SL,7.0
797,2020-05-04 14:16:00,2020-05-05 07:02:00,Short,1.09117,1.08917,0.002,TP,1006.0
798,2020-05-05 07:51:00,2020-05-05 08:12:00,Long,1.08931,1.09131,0.002,TP,21.0
799,2020-05-05 08:39:00,2020-05-05 08:50:00,Short,1.08743,1.08543,0.002,TP,11.0
800,2020-05-05 09:50:00,2020-05-05 10:56:00,Long,1.08428,1.08328,-0.001,SL,66.0
801,2020-05-05 12:16:00,2020-05-05 13:06:00,Long,1.08428,1.08628,0.002,TP,50.0
802,2020-05-05 13:10:00,2020-05-05 13:45:00,Long,1.08625,1.08825,0.002,TP,35.0
803,2020-05-05 14:16:00,2020-05-05 14:53:00,Short,1.08669,1.08469,0.002,TP,37.0
804,2020-05-05 15:50:00,2020-05-05 16:32:00,Long,1.08452,1.08352,-0.001,SL,42.0
805,2020-05-05 17:00:00,2020-05-06 06:07:00,Long,1.08405,1.08305,-0.001,SL,787.0
806,2020-05-06 06:54:00,2020-05-06 08:04:00,Long,1.08285,1.08185,-0.001,SL,70.0
807,2020-05-06 09:06:00,2020-05-06 09:29:00,Long,1.08004,1.07904,-0.001,SL,23.0
808,2020-05-06 10:25:00,2020-05-06 11:36:00,Long,1.07897,1.08097,0.002,TP,71.0
809,2020-05-06 12:13:00,2020-05-06 12:45:00,Short,1.08078,1.08178,-0.001,SL,32.0
810,2020-05-06 12:47:00,2020-05-06 13:09:00,Long,1.08183,1.08083,-0.001,SL,22.0
811,2020-05-06 13:17:00,2020-05-06 13:32:00,Short,1.08102,1.08202,-0.001,SL,15.0
812,2020-05-06 14:02:00,2020-05-06 14:36:00,Short,1.08126,1.07926,0.002,TP,34.0
813,2020-05-06 15:09:00,2020-05-06 20:01:00,Long,1.08029,1.07929,-0.001,SL,292.0
814,2020-05-06 20:47:00,2020-05-07 07:15:00,Long,1.07959,1.08159,0.002,TP,628.0
815,2020-05-07 07:55:00,2020-05-07 09:08:00,Short,1.08033,1.07833,0.002,TP,73.0
816,2020-05-07 09:44:00,2020-05-07 10:46:00,Long,1.07909,1.07809,-0.001,SL,62.0
817,2020-05-07 11:06:00,2020-05-07 12:15:00,Long,1.07913,1.07813,-0.001,SL,69.0
818,2020-05-07 12:45:00,2020-05-07 13:16:00,Long,1.07977,1.07877,-0.001,SL,31.0
819,2020-05-07 13:23:00,2020-05-07 14:00:00,Short,1.07952,1.07752,0.002,TP,37.0
820,2020-05-07 14:36:00,2020-05-07 14:49:00,Long,1.07825,1.07725,-0.001,SL,13.0
821,2020-05-07 14:59:00,2020-05-07 15:06:00,Short,1.07745,1.07845,-0.001,SL,7.0
822,2020-05-07 15:14:00,2020-05-07 15:51:00,Long,1.07805,1.08005,0.002,TP,37.0
823,2020-05-07 18:23:00,2020-05-07 21:54:00,Short,1.08269,1.08369,-0.001,SL,211.0
824,2020-05-07 22:07:00,2020-05-08 07:58:00,Long,1.08353,1.08253,-0.001,SL,591.0
825,2020-05-08 08:36:00,2020-05-08 10:13:00,Long,1.08261,1.08461,0.002,TP,97.0
826,2020-05-08 10:41:00,2020-05-08 12:27:00,Short,1.08386,1.08486,-0.001,SL,106.0
827,2020-05-08 12:39:00,2020-05-08 14:05:00,Short,1.08373,1.08173,0.002,TP,86.0
828,2020-05-08 14:27:00,2020-05-08 14:47:00,Long,1.08385,1.08585,0.002,TP,20.0
829,2020-05-08 15:25:00,2020-05-08 19:09:00,Short,1.08551,1.08351,0.002,TP,224.0
830,2020-05-08 19:51:00,2020-05-10 21:00:00,Long,1.08375,1.08275,-0.001,SL,2949.0
831,2020-05-10 21:33:00,2020-05-11 08:20:00,Long,1.08329,1.08229,-0.001,SL,647.0
832,2020-05-11 09:12:00,2020-05-11 13:21:00,Long,1.08119,1.08319,0.002,TP,249.0
833,2020-05-11 14:16:00,2020-05-11 15:12:00,Short,1.08272,1.08072,0.002,TP,56.0
834,2020-05-11 16:10:00,2020-05-11 20:56:00,Long,1.08132,1.08032,-0.001,SL,286.0
835,2020-05-11 22:02:00,2020-05-12 00:15:00,Long,1.08087,1.07987,-0.001,SL,133.0
836,2020-05-12 01:05:00,2020-05-12 05:11:00,Long,1.07916,1.08116,0.002,TP,246.0
837,2020-05-12 05:59:00,2020-05-12 06:58:00,Short,1.08101,1.08201,-0.001,SL,59.0
838,2020-05-12 07:27:00,2020-05-12 08:20:00,Short,1.08147,1.08247,-0.001,SL,53.0
839,2020-05-12 08:45:00,2020-05-12 10:25:00,Short,1.08189,1.08289,-0.001,SL,100.0
840,2020-05-12 13:52:00,2020-05-12 13:55:00,Short,1.08658,1.08758,-0.001,SL,3.0
841,2020-05-12 14:06:00,2020-05-12 14:09:00,Long,1.08741,1.08641,-0.001,SL,3.0
842,2020-05-12 14:18:00,2020-05-12 16:43:00,Short,1.08684,1.08484,0.002,TP,145.0
843,2020-05-12 17:16:00,2020-05-13 07:00:00,Long,1.08526,1.08426,-0.001,SL,824.0
844,2020-05-13 08:16:00,2020-05-13 10:57:00,Long,1.0839,1.0859,0.002,TP,161.0
845,2020-05-13 12:42:00,2020-05-13 13:00:00,Short,1.08736,1.08836,-0.001,SL,18.0
846,2020-05-13 13:02:00,2020-05-13 13:04:00,Long,1.08901,1.08801,-0.001,SL,2.0
847,2020-05-13 13:23:00,2020-05-13 14:55:00,Short,1.08642,1.08442,0.002,TP,92.0
848,2020-05-13 15:47:00,2020-05-13 16:17:00,Long,1.08389,1.08289,-0.001,SL,30.0
849,2020-05-13 17:41:00,2020-05-14 01:57:00,Long,1.08196,1.08096,-0.001,SL,496.0
850,2020-05-14 02:25:00,2020-05-14 06:04:00,Long,1.08128,1.08028,-0.001,SL,219.0
851,2020-05-14 06:11:00,2020-05-14 06:40:00,Short,1.08017,1.08117,-0.001,SL,29.0
852,2020-05-14 07:06:00,2020-05-14 08:30:00,Short,1.08074,1.08174,-0.001,SL,84.0
853,2020-05-14 09:02:00,2020-05-14 10:52:00,Short,1.08084,1.07884,0.002,TP,110.0
854,2020-05-14 11:46:00,2020-05-14 12:36:00,Long,1.0793,1.0783,-0.001,SL,50.0
855,2020-05-14 13:08:00,2020-05-14 14:13:00,Long,1.07917,1.08117,0.002,TP,65.0
856,2020-05-14 15:23:00,2020-05-14 16:28:00,Short,1.08042,1.07842,0.002,TP,65.0
857,2020-05-14 17:22:00,2020-05-15 06:03:00,Long,1.07889,1.08089,0.002,TP,761.0
858,2020-05-15 06:36:00,2020-05-15 07:26:00,Short,1.08047,1.08147,-0.001,SL,50.0
859,2020-05-15 08:44:00,2020-05-15 12:04:00,Short,1.08127,1.07927,0.002,TP,200.0
860,2020-05-15 12:32:00,2020-05-15 12:39:00,Long,1.07995,1.08195,0.002,TP,7.0
861,2020-05-15 13:59:00,2020-05-15 14:55:00,Short,1.08387,1.08187,0.002,TP,56.0
862,2020-05-15 16:08:00,2020-05-15 16:55:00,Long,1.08151,1.08051,-0.001,SL,47.0
863,2020-05-15 17:34:00,2020-05-18 12:13:00,Long,1.08095,1.08295,0.002,TP,3999.0
864,2020-05-18 13:02:00,2020-05-18 13:23:00,Short,1.0837,1.0847,-0.001,SL,21.0
865,2020-05-18 14:15:00,2020-05-18 14:52:00,Short,1.08564,1.08664,-0.001,SL,37.0
866,2020-05-18 16:41:00,2020-05-18 17:12:00,Short,1.09077,1.09177,-0.001,SL,31.0
867,2020-05-18 17:49:00,2020-05-19 06:10:00,Short,1.09151,1.09251,-0.001,SL,741.0
868,2020-05-19 07:35:00,2020-05-19 08:50:00,Short,1.09335,1.09435,-0.001,SL,75.0
869,2020-05-19 09:55:00,2020-05-19 10:38:00,Short,1.09512,1.09612,-0.001,SL,43.0
870,2020-05-19 11:19:00,2020-05-19 12:24:00,Short,1.09623,1.09423,0.002,TP,65.0
871,2020-05-19 12:58:00,2020-05-19 13:04:00,Long,1.0951,1.0941,-0.001,SL,6.0
872,2020-05-19 13:10:00,2020-05-19 14:59:00,Short,1.09394,1.09494,-0.001,SL,109.0
873,2020-05-19 15:20:00,2020-05-19 18:21:00,Short,1.0938,1.0948,-0.001,SL,181.0
874,2020-05-19 19:02:00,2020-05-19 20:01:00,Short,1.09445,1.09245,0.002,TP,59.0
875,2020-05-19 20:46:00,2020-05-20 01:22:00,Long,1.09228,1.09428,0.002,TP,276.0
876,2020-05-20 02:20:00,2020-05-20 06:01:00,Short,1.09386,1.09486,-0.001,SL,221.0
877,2020-05-20 06:22:00,2020-05-20 07:04:00,Short,1.09427,1.09527,-0.001,SL,42.0
878,2020-05-20 07:40:00,2020-05-20 09:25:00,Short,1.09427,1.09527,-0.001,SL,105.0
879,2020-05-20 10:02:00,2020-05-20 11:10:00,Short,1.09496,1.09596,-0.001,SL,68.0
880,2020-05-20 11:39:00,2020-05-20 11:50:00,Short,1.09511,1.09611,-0.001,SL,11.0
881,2020-05-20 11:55:00,2020-05-20 12:35:00,Long,1.09614,1.09514,-0.001,SL,40.0
882,2020-05-20 13:00:00,2020-05-20 14:02:00,Long,1.09649,1.09849,0.002,TP,62.0
883,2020-05-20 14:50:00,2020-05-21 00:55:00,Short,1.09891,1.09691,0.002,TP,605.0
884,2020-05-21 02:52:00,2020-05-21 10:45:00,Long,1.09616,1.09816,0.002,TP,473.0
885,2020-05-21 12:08:00,2020-05-21 12:18:00,Short,1.09948,1.10048,-0.001,SL,10.0
886,2020-05-21 12:56:00,2020-05-21 13:17:00,Short,1.09873,1.09673,0.002,TP,21.0
887,2020-05-21 13:45:00,2020-05-21 14:15:00,Long,1.09872,1.09772,-0.001,SL,30.0
888,2020-05-21 15:34:00,2020-05-21 20:05:00,Long,1.09532,1.09432,-0.001,SL,271.0
889,2020-05-21 20:42:00,2020-05-22 03:28:00,Long,1.0945,1.0935,-0.001,SL,406.0
890,2020-05-22 04:47:00,2020-05-22 05:09:00,Long,1.09303,1.09203,-0.001,SL,22.0
891,2020-05-22 05:49:00,2020-05-22 07:10:00,Long,1.09254,1.09154,-0.001,SL,81.0
892,2020-05-22 08:31:00,2020-05-22 08:51:00,Long,1.09094,1.08994,-0.001,SL,20.0
893,2020-05-22 09:27:00,2020-05-22 09:54:00,Long,1.09047,1.08947,-0.001,SL,27.0
894,2020-05-22 10:34:00,2020-05-22 14:55:00,Long,1.08989,1.08889,-0.001,SL,261.0
895,2020-05-22 15:28:00,2020-05-25 06:09:00,Long,1.08961,1.08861,-0.001,SL,3761.0
896,2020-05-25 07:08:00,2020-05-25 09:46:00,Long,1.08802,1.09002,0.002,TP,158.0
897,2020-05-25 11:06:00,2020-05-25 11:55:00,Short,1.08971,1.09071,-0.001,SL,49.0
898,2020-05-25 12:37:00,2020-05-26 03:35:00,Short,1.09063,1.09163,-0.001,SL,898.0
899,2020-05-26 04:24:00,2020-05-26 06:05:00,Short,1.09181,1.09281,-0.001,SL,101.0
900,2020-05-26 06:42:00,2020-05-26 07:14:00,Short,1.0923,1.0933,-0.001,SL,32.0
901,2020-05-26 07:19:00,2020-05-26 08:44:00,Long,1.09289,1.09489,0.002,TP,85.0
902,2020-05-26 09:43:00,2020-05-26 11:53:00,Short,1.09635,1.09735,-0.001,SL,130.0
903,2020-05-26 12:32:00,2020-05-26 13:02:00,Short,1.09659,1.09759,-0.001,SL,30.0
904,2020-05-26 13:25:00,2020-05-26 13:45:00,Short,1.09676,1.09776,-0.001,SL,20.0
905,2020-05-26 14:28:00,2020-05-26 14:47:00,Short,1.09746,1.09846,-0.001,SL,19.0
906,2020-05-26 14:54:00,2020-05-26 15:52:00,Long,1.09839,1.09739,-0.001,SL,58.0
907,2020-05-26 16:40:00,2020-05-26 19:00:00,Long,1.09748,1.09948,0.002,TP,140.0
908,2020-05-26 19:33:00,2020-05-27 00:11:00,Short,1.09934,1.09734,0.002,TP,278.0
909,2020-05-27 01:15:00,2020-05-27 02:23:00,Long,1.09713,1.09613,-0.001,SL,68.0
910,2020-05-27 03:06:00,2020-05-27 05:01:00,Long,1.09625,1.09525,-0.001,SL,115.0
911,2020-05-27 05:25:00,2020-05-27 08:14:00,Long,1.09557,1.09757,0.002,TP,169.0
912,2020-05-27 08:41:00,2020-05-27 09:03:00,Short,1.09675,1.09475,0.002,TP,22.0
913,2020-05-27 09:32:00,2020-05-27 09:45:00,Long,1.098,1.1,0.002,TP,13.0
914,2020-05-27 10:58:00,2020-05-27 11:33:00,Short,1.10176,1.10276,-0.001,SL,35.0
915,2020-05-27 11:59:00,2020-05-27 12:05:00,Short,1.10178,1.09978,0.002,TP,6.0
916,2020-05-27 12:39:00,2020-05-27 12:53:00,Long,1.10155,1.10055,-0.001,SL,14.0
917,2020-05-27 13:04:00,2020-05-27 13:40:00,Short,1.10071,1.09871,0.002,TP,36.0
918,2020-05-27 14:15:00,2020-05-27 14:36:00,Long,1.10085,1.09985,-0.001,SL,21.0
919,2020-05-27 14:49:00,2020-05-27 14:57:00,Short,1.09949,1.09749,0.002,TP,8.0
920,2020-05-27 16:12:00,2020-05-27 17:00:00,Long,1.09795,1.09695,-0.001,SL,48.0
921,2020-05-27 17:13:00,2020-05-27 19:42:00,Long,1.09816,1.10016,0.002,TP,149.0
922,2020-05-27 20:19:00,2020-05-27 20:54:00,Short,1.09977,1.10077,-0.001,SL,35.0
923,2020-05-27 21:19:00,2020-05-27 23:12:00,Short,1.10052,1.10152,-0.001,SL,113.0
924,2020-05-28 00:11:00,2020-05-28 00:52:00,Short,1.10113,1.10213,-0.001,SL,41.0
925,2020-05-28 01:23:00,2020-05-28 01:45:00,Short,1.10174,1.10274,-0.001,SL,22.0
926,2020-05-28 02:25:00,2020-05-28 07:23:00,Short,1.10218,1.10018,0.002,TP,298.0
927,2020-05-28 08:55:00,2020-05-28 11:39:00,Long,1.09963,1.10163,0.002,TP,164.0
928,2020-05-28 12:32:00,2020-05-28 12:36:00,Short,1.10096,1.10196,-0.001,SL,4.0
929,2020-05-28 12:38:00,2020-05-28 13:12:00,Long,1.10188,1.10388,0.002,TP,34.0
930,2020-05-28 15:38:00,2020-05-28 15:44:00,Short,1.10541,1.10641,-0.001,SL,6.0
931,2020-05-28 15:49:00,2020-05-28 17:04:00,Long,1.10658,1.10858,0.002,TP,75.0
932,2020-05-28 17:35:00,2020-05-28 18:59:00,Short,1.1079,1.1089,-0.001,SL,84.0
933,2020-05-28 19:27:00,2020-05-29 03:57:00,Short,1.10805,1.10905,-0.001,SL,510.0
934,2020-05-29 05:20:00,2020-05-29 05:41:00,Short,1.10927,1.11027,-0.001,SL,21.0
935,2020-05-29 05:43:00,2020-05-29 06:39:00,Long,1.11023,1.10923,-0.001,SL,56.0
936,2020-05-29 07:04:00,2020-05-29 07:19:00,Long,1.11075,1.10975,-0.001,SL,15.0
937,2020-05-29 07:45:00,2020-05-29 07:59:00,Short,1.10954,1.11054,-0.001,SL,14.0
938,2020-05-29 08:12:00,2020-05-29 09:05:00,Long,1.11023,1.11223,0.002,TP,53.0
939,2020-05-29 09:51:00,2020-05-29 10:07:00,Short,1.11266,1.11366,-0.001,SL,16.0
940,2020-05-29 10:54:00,2020-05-29 11:07:00,Short,1.11296,1.11396,-0.001,SL,13.0
941,2020-05-29 11:18:00,2020-05-29 13:01:00,Long,1.11345,1.11245,-0.001,SL,103.0
942,2020-05-29 13:45:00,2020-05-29 13:49:00,Long,1.11202,1.11102,-0.001,SL,4.0
943,2020-05-29 14:03:00,2020-05-29 14:10:00,Short,1.11164,1.11264,-0.001,SL,7.0
944,2020-05-29 14:43:00,2020-05-29 15:07:00,Short,1.11222,1.11022,0.002,TP,24.0
945,2020-05-29 15:33:00,2020-05-29 15:47:00,Long,1.11233,1.11133,-0.001,SL,14.0
946,2020-05-29 15:58:00,2020-05-29 17:10:00,Short,1.11079,1.10879,0.002,TP,72.0
947,2020-05-29 18:06:00,2020-05-31 21:00:00,Long,1.10906,1.11106,0.002,TP,3054.0
948,2020-05-31 21:49:00,2020-06-01 00:19:00,Short,1.11146,1.11246,-0.001,SL,150.0
949,2020-06-01 00:47:00,2020-06-01 01:19:00,Short,1.11156,1.11256,-0.001,SL,32.0
950,2020-06-01 02:10:00,2020-06-01 05:34:00,Short,1.1132,1.1142,-0.001,SL,204.0
951,2020-06-01 06:41:00,2020-06-01 07:47:00,Short,1.11396,1.11496,-0.001,SL,66.0
952,2020-06-01 08:13:00,2020-06-01 08:35:00,Short,1.11243,1.11343,-0.001,SL,22.0
953,2020-06-01 08:46:00,2020-06-01 09:23:00,Long,1.11332,1.11232,-0.001,SL,37.0
954,2020-06-01 10:38:00,2020-06-01 10:57:00,Long,1.11123,1.11023,-0.001,SL,19.0
955,2020-06-01 11:18:00,2020-06-01 12:43:00,Long,1.11149,1.11049,-0.001,SL,85.0
956,2020-06-01 13:15:00,2020-06-01 14:10:00,Long,1.11079,1.11279,0.002,TP,55.0
957,2020-06-01 14:45:00,2020-06-01 14:58:00,Short,1.11262,1.11362,-0.001,SL,13.0
958,2020-06-01 15:01:00,2020-06-01 15:08:00,Long,1.11371,1.11271,-0.001,SL,7.0
959,2020-06-01 15:20:00,2020-06-01 19:02:00,Short,1.11244,1.11344,-0.001,SL,222.0
960,2020-06-01 19:41:00,2020-06-02 08:18:00,Short,1.113,1.114,-0.001,SL,757.0
961,2020-06-02 10:09:00,2020-06-02 13:53:00,Short,1.11727,1.11827,-0.001,SL,224.0
962,2020-06-02 14:59:00,2020-06-02 19:26:00,Short,1.11825,1.11625,0.002,TP,267.0
963,2020-06-02 19:54:00,2020-06-02 23:40:00,Long,1.11653,1.11853,0.002,TP,226.0
964,2020-06-03 01:29:00,2020-06-03 03:17:00,Short,1.11934,1.12034,-0.001,SL,108.0
965,2020-06-03 04:30:00,2020-06-03 07:04:00,Short,1.12056,1.12156,-0.001,SL,154.0
966,2020-06-03 07:46:00,2020-06-03 09:08:00,Short,1.12103,1.12203,-0.001,SL,82.0
967,2020-06-03 10:12:00,2020-06-03 11:27:00,Short,1.12131,1.11931,0.002,TP,75.0
968,2020-06-03 11:58:00,2020-06-03 12:20:00,Long,1.12001,1.11901,-0.001,SL,22.0
969,2020-06-03 12:24:00,2020-06-03 12:31:00,Short,1.11931,1.12031,-0.001,SL,7.0
970,2020-06-03 12:53:00,2020-06-03 13:20:00,Short,1.11936,1.12036,-0.001,SL,27.0
971,2020-06-03 13:22:00,2020-06-03 14:00:00,Long,1.12,1.122,0.002,TP,38.0
972,2020-06-03 14:54:00,2020-06-03 15:05:00,Short,1.12206,1.12306,-0.001,SL,11.0
973,2020-06-03 15:17:00,2020-06-03 15:54:00,Long,1.12308,1.12508,0.002,TP,37.0
974,2020-06-03 16:23:00,2020-06-03 19:32:00,Short,1.12386,1.12486,-0.001,SL,189.0
975,2020-06-03 20:03:00,2020-06-04 00:39:00,Short,1.12385,1.12185,0.002,TP,276.0
976,2020-06-04 01:15:00,2020-06-04 03:00:00,Long,1.12228,1.12128,-0.001,SL,105.0
977,2020-06-04 03:30:00,2020-06-04 06:24:00,Long,1.12168,1.12068,-0.001,SL,174.0
978,2020-06-04 07:09:00,2020-06-04 11:45:00,Long,1.12011,1.12211,0.002,TP,276.0
979,2020-06-04 12:30:00,2020-06-04 12:32:00,Short,1.12342,1.12442,-0.001,SL,2.0
980,2020-06-04 13:06:00,2020-06-04 13:13:00,Long,1.12376,1.12576,0.002,TP,7.0
981,2020-06-04 15:27:00,2020-06-04 16:12:00,Short,1.13166,1.13266,-0.001,SL,45.0
982,2020-06-04 18:53:00,2020-06-04 19:54:00,Short,1.13518,1.13318,0.002,TP,61.0
983,2020-06-04 20:44:00,2020-06-05 04:39:00,Long,1.13322,1.13522,0.002,TP,475.0
984,2020-06-05 05:10:00,2020-06-05 05:49:00,Short,1.13472,1.13572,-0.001,SL,39.0
985,2020-06-05 05:53:00,2020-06-05 06:37:00,Long,1.13633,1.13833,0.002,TP,44.0
986,2020-06-05 07:03:00,2020-06-05 07:26:00,Short,1.1375,1.1355,0.002,TP,23.0
987,2020-06-05 09:54:00,2020-06-05 10:06:00,Long,1.13341,1.13241,-0.001,SL,12.0
988,2020-06-05 10:17:00,2020-06-05 11:00:00,Short,1.13211,1.13311,-0.001,SL,43.0
989,2020-06-05 11:43:00,2020-06-05 12:01:00,Short,1.13294,1.13394,-0.001,SL,18.0
990,2020-06-05 12:22:00,2020-06-05 12:31:00,Short,1.13332,1.13132,0.002,TP,9.0
991,2020-06-05 13:20:00,2020-06-05 13:51:00,Long,1.13119,1.13019,-0.001,SL,31.0
992,2020-06-05 13:56:00,2020-06-05 14:46:00,Short,1.12964,1.13064,-0.001,SL,50.0
993,2020-06-05 15:32:00,2020-06-05 16:14:00,Short,1.1308,1.1288,0.002,TP,42.0
994,2020-06-05 17:03:00,2020-06-05 20:19:00,Long,1.12885,1.12785,-0.001,SL,196.0
995,2020-06-05 20:44:00,2020-06-07 23:19:00,Long,1.12888,1.13088,0.002,TP,3035.0
996,2020-06-08 00:15:00,2020-06-08 01:36:00,Short,1.13077,1.12877,0.002,TP,81.0
997,2020-06-08 02:01:00,2020-06-08 06:03:00,Long,1.12924,1.12824,-0.001,SL,242.0
998,2020-06-08 06:18:00,2020-06-08 06:52:00,Short,1.12841,1.12941,-0.001,SL,34.0
999,2020-06-08 07:19:00,2020-06-08 07:30:00,Short,1.12864,1.12964,-0.001,SL,11.0
1000,2020-06-08 07:35:00,2020-06-08 10:13:00,Long,1.12972,1.12872,-0.001,SL,158.0
1001,2020-06-08 11:21:00,2020-06-08 12:21:00,Long,1.12768,1.12968,0.002,TP,60.0
1002,2020-06-08 14:13:00,2020-06-09 00:09:00,Short,1.13038,1.13138,-0.001,SL,596.0
1003,2020-06-09 00:36:00,2020-06-09 01:23:00,Short,1.13052,1.12852,0.002,TP,47.0
1004,2020-06-09 02:58:00,2020-06-09 06:42:00,Long,1.12853,1.12753,-0.001,SL,224.0
1005,2020-06-09 08:06:00,2020-06-09 08:15:00,Long,1.12671,1.12571,-0.001,SL,9.0
1006,2020-06-09 08:19:00,2020-06-09 08:21:00,Short,1.12417,1.12517,-0.001,SL,2.0
1007,2020-06-09 08:55:00,2020-06-09 10:59:00,Long,1.1263,1.1283,0.002,TP,124.0
1008,2020-06-09 11:26:00,2020-06-09 11:56:00,Short,1.12734,1.12834,-0.001,SL,30.0
1009,2020-06-09 14:35:00,2020-06-09 14:42:00,Short,1.13373,1.13473,-0.001,SL,7.0
1010,2020-06-09 14:49:00,2020-06-09 15:46:00,Long,1.13501,1.13401,-0.001,SL,57.0
1011,2020-06-09 16:25:00,2020-06-09 17:02:00,Long,1.13503,1.13403,-0.001,SL,37.0
1012,2020-06-09 17:44:00,2020-06-10 05:34:00,Long,1.13406,1.13606,0.002,TP,710.0
1013,2020-06-10 06:16:00,2020-06-10 07:03:00,Short,1.13657,1.13457,0.002,TP,47.0
1014,2020-06-10 07:26:00,2020-06-10 07:45:00,Long,1.1356,1.1346,-0.001,SL,19.0
1015,2020-06-10 08:05:00,2020-06-10 10:14:00,Long,1.13605,1.13505,-0.001,SL,129.0
1016,2020-06-10 10:45:00,2020-06-10 11:20:00,Long,1.13675,1.13875,0.002,TP,35.0
1017,2020-06-10 12:17:00,2020-06-10 14:51:00,Short,1.13759,1.13559,0.002,TP,154.0
1018,2020-06-10 14:53:00,2020-06-10 17:42:00,Short,1.13546,1.13646,-0.001,SL,169.0
1019,2020-06-10 18:54:00,2020-06-10 19:03:00,Short,1.13889,1.13689,0.002,TP,9.0
1020,2020-06-10 19:31:00,2020-06-10 19:33:00,Long,1.14145,1.14045,-0.001,SL,2.0
1021,2020-06-10 20:03:00,2020-06-10 20:24:00,Short,1.13874,1.13674,0.002,TP,21.0
1022,2020-06-10 20:59:00,2020-06-10 23:57:00,Long,1.13756,1.13656,-0.001,SL,178.0
1023,2020-06-11 00:18:00,2020-06-11 01:45:00,Long,1.1375,1.1395,0.002,TP,87.0
1024,2020-06-11 01:47:00,2020-06-11 03:26:00,Long,1.13902,1.13802,-0.001,SL,99.0
1025,2020-06-11 04:52:00,2020-06-11 05:06:00,Long,1.13506,1.13406,-0.001,SL,14.0
1026,2020-06-11 05:08:00,2020-06-11 06:16:00,Short,1.13398,1.13498,-0.001,SL,68.0
1027,2020-06-11 07:13:00,2020-06-11 07:22:00,Short,1.13498,1.13598,-0.001,SL,9.0
1028,2020-06-11 07:32:00,2020-06-11 08:35:00,Long,1.13654,1.13854,0.002,TP,63.0
1029,2020-06-11 09:53:00,2020-06-11 11:19:00,Short,1.1383,1.1363,0.002,TP,86.0
1030,2020-06-11 12:55:00,2020-06-11 13:09:00,Long,1.13449,1.13649,0.002,TP,14.0
1031,2020-06-11 13:47:00,2020-06-11 13:54:00,Short,1.136,1.137,-0.001,SL,7.0
1032,2020-06-11 14:03:00,2020-06-11 14:12:00,Long,1.13725,1.13925,0.002,TP,9.0
1033,2020-06-11 14:51:00,2020-06-11 15:18:00,Short,1.13817,1.13917,-0.001,SL,27.0
1034,2020-06-11 15:23:00,2020-06-11 15:25:00,Long,1.13894,1.13794,-0.001,SL,2.0
1035,2020-06-11 15:41:00,2020-06-11 16:03:00,Short,1.13702,1.13802,-0.001,SL,22.0
1036,2020-06-11 16:12:00,2020-06-11 16:27:00,Long,1.13766,1.13666,-0.001,SL,15.0
1037,2020-06-11 16:34:00,2020-06-11 17:00:00,Short,1.13797,1.13597,0.002,TP,26.0
1038,2020-06-11 18:21:00,2020-06-11 18:42:00,Long,1.13193,1.13093,-0.001,SL,21.0
1039,2020-06-11 19:48:00,2020-06-11 19:54:00,Long,1.13087,1.12987,-0.001,SL,6.0
1040,2020-06-11 20:08:00,2020-06-12 05:38:00,Short,1.12931,1.13031,-0.001,SL,570.0
1041,2020-06-12 06:26:00,2020-06-12 06:33:00,Short,1.12977,1.13077,-0.001,SL,7.0
1042,2020-06-12 06:50:00,2020-06-12 08:04:00,Long,1.13069,1.13269,0.002,TP,74.0
1043,2020-06-12 09:05:00,2020-06-12 10:48:00,Short,1.13244,1.13044,0.002,TP,103.0
1044,2020-06-12 11:29:00,2020-06-12 12:34:00,Long,1.13099,1.12999,-0.001,SL,65.0
1045,2020-06-12 12:57:00,2020-06-12 13:02:00,Long,1.1307,1.1297,-0.001,SL,5.0
1046,2020-06-12 13:26:00,2020-06-12 13:32:00,Long,1.13102,1.13002,-0.001,SL,6.0
1047,2020-06-12 14:07:00,2020-06-12 14:36:00,Short,1.13002,1.12802,0.002,TP,29.0
1048,2020-06-12 15:43:00,2020-06-12 16:24:00,Long,1.12541,1.12441,-0.001,SL,41.0
1049,2020-06-12 18:08:00,2020-06-12 19:47:00,Long,1.12243,1.12443,0.002,TP,99.0
1050,2020-06-12 20:47:00,2020-06-14 22:05:00,Short,1.12525,1.12325,0.002,TP,2958.0
1051,2020-06-14 22:35:00,2020-06-15 04:17:00,Long,1.12454,1.12654,0.002,TP,342.0
1052,2020-06-15 04:52:00,2020-06-15 05:36:00,Short,1.12618,1.12418,0.002,TP,44.0
1053,2020-06-15 06:35:00,2020-06-15 06:44:00,Long,1.12463,1.12363,-0.001,SL,9.0
1054,2020-06-15 07:00:00,2020-06-15 07:22:00,Short,1.1231,1.1241,-0.001,SL,22.0
1055,2020-06-15 07:27:00,2020-06-15 08:11:00,Long,1.12419,1.12619,0.002,TP,44.0
1056,2020-06-15 08:44:00,2020-06-15 08:57:00,Short,1.12542,1.12642,-0.001,SL,13.0
1057,2020-06-15 09:22:00,2020-06-15 11:46:00,Short,1.12526,1.12626,-0.001,SL,144.0
1058,2020-06-15 12:14:00,2020-06-15 13:41:00,Short,1.12478,1.12578,-0.001,SL,87.0
1059,2020-06-15 14:34:00,2020-06-15 14:46:00,Short,1.12732,1.12832,-0.001,SL,12.0
1060,2020-06-15 14:48:00,2020-06-15 14:57:00,Long,1.12877,1.12777,-0.001,SL,9.0
1061,2020-06-15 15:12:00,2020-06-15 16:10:00,Short,1.12678,1.12778,-0.001,SL,58.0
1062,2020-06-15 17:33:00,2020-06-15 17:51:00,Short,1.12827,1.12927,-0.001,SL,18.0
1063,2020-06-15 18:49:00,2020-06-15 21:01:00,Short,1.13149,1.13249,-0.001,SL,132.0
1064,2020-06-15 22:49:00,2020-06-15 23:40:00,Short,1.13256,1.13356,-0.001,SL,51.0
1065,2020-06-16 00:23:00,2020-06-16 02:31:00,Short,1.13339,1.13439,-0.001,SL,128.0
1066,2020-06-16 03:20:00,2020-06-16 07:08:00,Short,1.13423,1.13523,-0.001,SL,228.0
1067,2020-06-16 07:29:00,2020-06-16 08:01:00,Short,1.13358,1.13158,0.002,TP,32.0
1068,2020-06-16 08:30:00,2020-06-16 10:12:00,Long,1.13306,1.13206,-0.001,SL,102.0
1069,2020-06-16 10:16:00,2020-06-16 11:35:00,Short,1.13261,1.13061,0.002,TP,79.0
1070,2020-06-16 12:18:00,2020-06-16 12:31:00,Long,1.13076,1.12976,-0.001,SL,13.0
1071,2020-06-16 13:01:00,2020-06-16 13:13:00,Short,1.12973,1.12773,0.002,TP,12.0
1072,2020-06-16 15:22:00,2020-06-16 16:35:00,Long,1.12497,1.12697,0.002,TP,73.0
1073,2020-06-16 17:07:00,2020-06-17 05:04:00,Short,1.12638,1.12738,-0.001,SL,717.0
1074,2020-06-17 05:06:00,2020-06-17 07:59:00,Long,1.12759,1.12659,-0.001,SL,173.0
1075,2020-06-17 10:32:00,2020-06-17 11:58:00,Long,1.12416,1.12316,-0.001,SL,86.0
1076,2020-06-17 12:48:00,2020-06-17 13:44:00,Long,1.12399,1.12299,-0.001,SL,56.0
1077,2020-06-17 13:47:00,2020-06-17 13:50:00,Short,1.1228,1.1238,-0.001,SL,3.0
1078,2020-06-17 14:45:00,2020-06-17 15:34:00,Long,1.1224,1.1214,-0.001,SL,49.0
1079,2020-06-17 16:09:00,2020-06-17 17:49:00,Long,1.122,1.124,0.002,TP,100.0
1080,2020-06-17 18:08:00,2020-06-17 21:17:00,Short,1.12361,1.12461,-0.001,SL,189.0
1081,2020-06-17 21:42:00,2020-06-18 04:50:00,Short,1.12438,1.12538,-0.001,SL,428.0
1082,2020-06-18 04:52:00,2020-06-18 06:08:00,Long,1.12561,1.12461,-0.001,SL,76.0
1083,2020-06-18 06:32:00,2020-06-18 07:25:00,Long,1.1252,1.1242,-0.001,SL,53.0
1084,2020-06-18 08:37:00,2020-06-18 09:04:00,Long,1.12566,1.12466,-0.001,SL,27.0
1085,2020-06-18 09:15:00,2020-06-18 11:46:00,Short,1.12543,1.12343,0.002,TP,151.0
1086,2020-06-18 12:37:00,2020-06-18 13:53:00,Long,1.12266,1.12166,-0.001,SL,76.0
1087,2020-06-18 13:56:00,2020-06-18 14:14:00,Short,1.12143,1.12243,-0.001,SL,18.0
1088,2020-06-18 15:04:00,2020-06-18 15:54:00,Long,1.12232,1.12132,-0.001,SL,50.0
1089,2020-06-18 17:47:00,2020-06-19 06:40:00,Long,1.12008,1.12208,0.002,TP,773.0
1090,2020-06-19 07:12:00,2020-06-19 12:20:00,Short,1.12126,1.12226,-0.001,SL,308.0
1091,2020-06-19 13:11:00,2020-06-19 13:59:00,Short,1.12372,1.12172,0.002,TP,48.0
1092,2020-06-19 15:18:00,2020-06-19 15:42:00,Long,1.11962,1.11862,-0.001,SL,24.0
1093,2020-06-19 16:34:00,2020-06-19 18:06:00,Long,1.11955,1.11855,-0.001,SL,92.0
1094,2020-06-19 18:48:00,2020-06-19 20:41:00,Long,1.11821,1.11721,-0.001,SL,113.0
1095,2020-06-19 21:11:00,2020-06-22 02:41:00,Long,1.11759,1.11959,0.002,TP,3210.0
1096,2020-06-22 03:06:00,2020-06-22 04:38:00,Short,1.11896,1.11996,-0.001,SL,92.0
1097,2020-06-22 05:46:00,2020-06-22 07:48:00,Short,1.11999,1.12099,-0.001,SL,122.0
1098,2020-06-22 08:29:00,2020-06-22 08:39:00,Short,1.12077,1.12177,-0.001,SL,10.0
1099,2020-06-22 09:26:00,2020-06-22 13:10:00,Short,1.12185,1.12285,-0.001,SL,224.0
1100,2020-06-22 15:06:00,2020-06-22 15:17:00,Short,1.12492,1.12592,-0.001,SL,11.0
1101,2020-06-22 15:28:00,2020-06-22 23:47:00,Long,1.12591,1.12791,0.002,TP,499.0
1102,2020-06-23 00:18:00,2020-06-23 01:14:00,Short,1.12725,1.12525,0.002,TP,56.0
1103,2020-06-23 02:01:00,2020-06-23 07:15:00,Long,1.12619,1.12819,0.002,TP,314.0
1104,2020-06-23 08:23:00,2020-06-23 11:38:00,Short,1.129,1.13,-0.001,SL,195.0
1105,2020-06-23 13:26:00,2020-06-23 13:45:00,Short,1.13224,1.13324,-0.001,SL,19.0
1106,2020-06-23 13:53:00,2020-06-23 14:17:00,Long,1.13266,1.13466,0.002,TP,24.0
1107,2020-06-23 14:51:00,2020-06-23 16:57:00,Short,1.1332,1.1312,0.002,TP,126.0
1108,2020-06-23 17:32:00,2020-06-23 19:57:00,Long,1.1314,1.1304,-0.001,SL,145.0
1109,2020-06-23 20:44:00,2020-06-24 07:30:00,Long,1.13072,1.12972,-0.001,SL,646.0
1110,2020-06-24 08:46:00,2020-06-24 09:13:00,Long,1.12967,1.12867,-0.001,SL,27.0
1111,2020-06-24 09:18:00,2020-06-24 09:35:00,Short,1.1281,1.1291,-0.001,SL,17.0
1112,2020-06-24 09:49:00,2020-06-24 11:45:00,Long,1.1299,1.1289,-0.001,SL,116.0
1113,2020-06-24 13:15:00,2020-06-24 13:29:00,Long,1.12778,1.12678,-0.001,SL,14.0
1114,2020-06-24 14:24:00,2020-06-24 14:33:00,Long,1.12784,1.12684,-0.001,SL,9.0
1115,2020-06-24 14:46:00,2020-06-24 15:05:00,Short,1.12681,1.12781,-0.001,SL,19.0
1116,2020-06-24 15:23:00,2020-06-24 16:17:00,Short,1.12656,1.12756,-0.001,SL,54.0
1117,2020-06-24 16:50:00,2020-06-24 19:57:00,Short,1.12734,1.12534,0.002,TP,187.0
1118,2020-06-24 21:10:00,2020-06-25 02:51:00,Long,1.12528,1.12428,-0.001,SL,341.0
1119,2020-06-25 03:09:00,2020-06-25 06:27:00,Long,1.1248,1.1238,-0.001,SL,198.0
1120,2020-06-25 07:40:00,2020-06-25 08:05:00,Long,1.12407,1.12307,-0.001,SL,25.0
1121,2020-06-25 08:18:00,2020-06-25 08:34:00,Long,1.12468,1.12368,-0.001,SL,16.0
1122,2020-06-25 08:42:00,2020-06-25 10:35:00,Short,1.12361,1.12161,0.002,TP,113.0
1123,2020-06-25 12:24:00,2020-06-25 14:05:00,Long,1.12026,1.12226,0.002,TP,101.0
1124,2020-06-25 14:51:00,2020-06-25 16:06:00,Short,1.12158,1.12258,-0.001,SL,75.0
1125,2020-06-25 17:04:00,2020-06-26 07:19:00,Short,1.12256,1.12056,0.002,TP,855.0
1126,2020-06-26 07:34:00,2020-06-26 08:45:00,Long,1.12153,1.12353,0.002,TP,71.0
1127,2020-06-26 09:24:00,2020-06-26 12:01:00,Short,1.12277,1.12077,0.002,TP,157.0
1128,2020-06-26 12:26:00,2020-06-26 13:59:00,Long,1.1217,1.1207,-0.001,SL,93.0
1129,2020-06-26 14:37:00,2020-06-26 16:29:00,Long,1.12014,1.12214,0.002,TP,112.0
1130,2020-06-26 17:56:00,2020-06-29 02:36:00,Short,1.12312,1.12412,-0.001,SL,3400.0
1131,2020-06-29 03:13:00,2020-06-29 05:37:00,Short,1.12406,1.12506,-0.001,SL,144.0
1132,2020-06-29 07:02:00,2020-06-29 09:49:00,Short,1.12559,1.12659,-0.001,SL,167.0
1133,2020-06-29 11:18:00,2020-06-29 12:08:00,Short,1.12744,1.12844,-0.001,SL,50.0
1134,2020-06-29 12:40:00,2020-06-29 13:48:00,Short,1.12799,1.12599,0.002,TP,68.0
1135,2020-06-29 14:57:00,2020-06-29 16:56:00,Long,1.12403,1.12303,-0.001,SL,119.0
1136,2020-06-29 17:33:00,2020-06-29 23:38:00,Long,1.12315,1.12515,0.002,TP,365.0
1137,2020-06-30 00:06:00,2020-06-30 06:05:00,Short,1.12441,1.12241,0.002,TP,359.0
1138,2020-06-30 07:08:00,2020-06-30 09:48:00,Long,1.12119,1.12019,-0.001,SL,160.0
1139,2020-06-30 10:32:00,2020-06-30 11:55:00,Long,1.12089,1.11989,-0.001,SL,83.0
1140,2020-06-30 12:31:00,2020-06-30 13:20:00,Long,1.11986,1.12186,0.002,TP,49.0
1141,2020-06-30 13:58:00,2020-06-30 14:05:00,Short,1.12072,1.12172,-0.001,SL,7.0
1142,2020-06-30 14:22:00,2020-06-30 14:54:00,Long,1.12116,1.12316,0.002,TP,32.0
1143,2020-06-30 15:48:00,2020-07-01 03:57:00,Short,1.1243,1.1223,0.002,TP,729.0
1144,2020-07-01 05:34:00,2020-07-01 08:12:00,Long,1.12216,1.12416,0.002,TP,158.0
1145,2020-07-01 08:46:00,2020-07-01 09:56:00,Short,1.12339,1.12139,0.002,TP,70.0
1146,2020-07-01 11:56:00,2020-07-01 13:19:00,Long,1.12041,1.12241,0.002,TP,83.0
1147,2020-07-01 14:59:00,2020-07-01 15:06:00,Short,1.12595,1.12695,-0.001,SL,7.0
1148,2020-07-01 15:21:00,2020-07-01 15:40:00,Long,1.12647,1.12547,-0.001,SL,19.0
1149,2020-07-01 16:34:00,2020-07-01 18:45:00,Long,1.12598,1.12498,-0.001,SL,131.0
1150,2020-07-01 19:24:00,2020-07-02 06:08:00,Long,1.12513,1.12713,0.002,TP,644.0
1151,2020-07-02 07:09:00,2020-07-02 07:27:00,Short,1.12666,1.12766,-0.001,SL,18.0
1152,2020-07-02 07:34:00,2020-07-02 12:59:00,Long,1.12833,1.12733,-0.001,SL,325.0
1153,2020-07-02 13:42:00,2020-07-02 14:32:00,Long,1.12622,1.12522,-0.001,SL,50.0
1154,2020-07-02 15:25:00,2020-07-02 16:00:00,Long,1.12426,1.12326,-0.001,SL,35.0
1155,2020-07-02 16:02:00,2020-07-03 01:14:00,Short,1.12323,1.12423,-0.001,SL,552.0
1156,2020-07-03 01:54:00,2020-07-03 10:12:00,Short,1.12437,1.12237,0.002,TP,498.0
1157,2020-07-03 10:16:00,2020-07-03 10:35:00,Short,1.12224,1.12324,-0.001,SL,19.0
1158,2020-07-03 11:37:00,2020-07-03 13:45:00,Short,1.12288,1.12388,-0.001,SL,128.0
1159,2020-07-03 15:28:00,2020-07-06 00:03:00,Short,1.12421,1.12521,-0.001,SL,3395.0
1160,2020-07-06 01:24:00,2020-07-06 01:49:00,Short,1.12627,1.12727,-0.001,SL,25.0
1161,2020-07-06 02:26:00,2020-07-06 03:32:00,Short,1.12699,1.12799,-0.001,SL,66.0
1162,2020-07-06 04:30:00,2020-07-06 04:59:00,Short,1.1282,1.1292,-0.001,SL,29.0
1163,2020-07-06 05:48:00,2020-07-06 06:45:00,Short,1.1286,1.1296,-0.001,SL,57.0
1164,2020-07-06 07:18:00,2020-07-06 11:14:00,Short,1.12961,1.13061,-0.001,SL,236.0
1165,2020-07-06 12:47:00,2020-07-06 13:10:00,Short,1.1322,1.1332,-0.001,SL,23.0
1166,2020-07-06 14:05:00,2020-07-07 00:40:00,Short,1.13196,1.13296,-0.001,SL,635.0
1167,2020-07-07 01:10:00,2020-07-07 02:57:00,Short,1.13266,1.13066,0.002,TP,107.0
1168,2020-07-07 03:27:00,2020-07-07 06:12:00,Long,1.13104,1.13004,-0.001,SL,165.0
1169,2020-07-07 06:38:00,2020-07-07 06:49:00,Long,1.1307,1.1297,-0.001,SL,11.0
1170,2020-07-07 06:52:00,2020-07-07 08:28:00,Short,1.12976,1.12776,0.002,TP,96.0
1171,2020-07-07 09:52:00,2020-07-07 11:15:00,Long,1.12671,1.12871,0.002,TP,83.0
1172,2020-07-07 13:53:00,2020-07-07 14:33:00,Short,1.12974,1.12774,0.002,TP,40.0
1173,2020-07-07 15:04:00,2020-07-07 19:40:00,Long,1.1288,1.1278,-0.001,SL,276.0
1174,2020-07-07 20:39:00,2020-07-08 06:12:00,Long,1.12725,1.12625,-0.001,SL,573.0
1175,2020-07-08 06:39:00,2020-07-08 11:53:00,Long,1.12744,1.12944,0.002,TP,314.0
1176,2020-07-08 12:19:00,2020-07-08 13:09:00,Short,1.12859,1.12959,-0.001,SL,50.0
1177,2020-07-08 14:57:00,2020-07-08 16:12:00,Short,1.133,1.134,-0.001,SL,75.0
1178,2020-07-08 16:51:00,2020-07-09 00:14:00,Short,1.13366,1.13466,-0.001,SL,443.0
1179,2020-07-09 00:40:00,2020-07-09 03:46:00,Short,1.13389,1.13489,-0.001,SL,186.0
1180,2020-07-09 04:39:00,2020-07-09 07:28:00,Short,1.13672,1.13472,0.002,TP,169.0
1181,2020-07-09 08:13:00,2020-07-09 08:41:00,Long,1.13398,1.13298,-0.001,SL,28.0
1182,2020-07-09 09:46:00,2020-07-09 10:51:00,Long,1.13288,1.13188,-0.001,SL,65.0
1183,2020-07-09 11:25:00,2020-07-09 11:58:00,Long,1.13251,1.13451,0.002,TP,33.0
1184,2020-07-09 12:31:00,2020-07-09 12:47:00,Short,1.13351,1.13451,-0.001,SL,16.0
1185,2020-07-09 12:52:00,2020-07-09 13:36:00,Long,1.13413,1.13313,-0.001,SL,44.0
1186,2020-07-09 15:30:00,2020-07-09 15:42:00,Long,1.13025,1.12925,-0.001,SL,12.0
1187,2020-07-09 15:53:00,2020-07-10 00:48:00,Short,1.12962,1.12762,0.002,TP,535.0
1188,2020-07-10 01:40:00,2020-07-10 05:37:00,Long,1.12748,1.12648,-0.001,SL,237.0
1189,2020-07-10 06:14:00,2020-07-10 06:17:00,Long,1.12686,1.12586,-0.001,SL,3.0
1190,2020-07-10 07:29:00,2020-07-10 08:22:00,Long,1.12686,1.12886,0.002,TP,53.0
1191,2020-07-10 08:53:00,2020-07-10 09:05:00,Short,1.12825,1.12925,-0.001,SL,12.0
1192,2020-07-10 09:10:00,2020-07-10 12:09:00,Long,1.12897,1.12797,-0.001,SL,179.0
1193,2020-07-10 12:42:00,2020-07-10 13:05:00,Long,1.12899,1.13099,0.002,TP,23.0
1194,2020-07-10 14:02:00,2020-07-10 14:14:00,Short,1.1305,1.1315,-0.001,SL,12.0
1195,2020-07-10 14:20:00,2020-07-10 16:29:00,Long,1.13131,1.13031,-0.001,SL,129.0
1196,2020-07-10 17:35:00,2020-07-13 01:31:00,Long,1.13024,1.13224,0.002,TP,3356.0
1197,2020-07-13 01:57:00,2020-07-13 03:27:00,Short,1.13202,1.13302,-0.001,SL,90.0
1198,2020-07-13 04:01:00,2020-07-13 08:34:00,Short,1.13269,1.13069,0.002,TP,273.0
1199,2020-07-13 09:07:00,2020-07-13 10:56:00,Long,1.13131,1.13331,0.002,TP,109.0
1200,2020-07-13 11:38:00,2020-07-13 13:27:00,Short,1.13286,1.13386,-0.001,SL,109.0
1201,2020-07-13 15:22:00,2020-07-13 16:23:00,Short,1.13624,1.13724,-0.001,SL,61.0
1202,2020-07-13 17:02:00,2020-07-13 19:06:00,Short,1.1368,1.1348,0.002,TP,124.0
1203,2020-07-13 20:35:00,2020-07-14 07:22:00,Long,1.13451,1.13351,-0.001,SL,647.0
1204,2020-07-14 08:05:00,2020-07-14 08:49:00,Long,1.13363,1.13563,0.002,TP,44.0
1205,2020-07-14 10:11:00,2020-07-14 10:44:00,Short,1.13564,1.13664,-0.001,SL,33.0
1206,2020-07-14 12:12:00,2020-07-14 13:43:00,Short,1.13733,1.13833,-0.001,SL,91.0
1207,2020-07-14 13:45:00,2020-07-14 14:30:00,Long,1.13847,1.14047,0.002,TP,45.0
1208,2020-07-14 15:06:00,2020-07-14 15:11:00,Short,1.13932,1.14032,-0.001,SL,5.0
1209,2020-07-14 15:13:00,2020-07-14 19:03:00,Long,1.14009,1.13909,-0.001,SL,230.0
1210,2020-07-14 19:40:00,2020-07-14 22:25:00,Long,1.13903,1.14103,0.002,TP,165.0
1211,2020-07-14 23:07:00,2020-07-15 00:05:00,Short,1.14074,1.14174,-0.001,SL,58.0
1212,2020-07-15 00:39:00,2020-07-15 05:02:00,Short,1.14119,1.13919,0.002,TP,263.0
1213,2020-07-15 05:39:00,2020-07-15 07:34:00,Long,1.13966,1.14166,0.002,TP,115.0
1214,2020-07-15 07:37:00,2020-07-15 08:02:00,Long,1.14194,1.14394,0.002,TP,25.0
1215,2020-07-15 08:43:00,2020-07-15 10:53:00,Short,1.14347,1.14447,-0.001,SL,130.0
1216,2020-07-15 11:25:00,2020-07-15 13:31:00,Short,1.14371,1.14471,-0.001,SL,126.0
1217,2020-07-15 13:50:00,2020-07-15 14:17:00,Short,1.14362,1.14162,0.002,TP,27.0
1218,2020-07-15 14:46:00,2020-07-15 15:42:00,Long,1.1423,1.1413,-0.001,SL,56.0
1219,2020-07-15 17:05:00,2020-07-16 06:18:00,Long,1.14055,1.13955,-0.001,SL,793.0
1220,2020-07-16 06:23:00,2020-07-16 07:39:00,Short,1.13967,1.14067,-0.001,SL,76.0
1221,2020-07-16 08:33:00,2020-07-16 09:59:00,Short,1.14051,1.13851,0.002,TP,86.0
1222,2020-07-16 10:37:00,2020-07-16 11:36:00,Long,1.13865,1.14065,0.002,TP,59.0
1223,2020-07-16 12:56:00,2020-07-16 13:38:00,Short,1.14114,1.14214,-0.001,SL,42.0
1224,2020-07-16 15:04:00,2020-07-16 16:56:00,Short,1.14321,1.14121,0.002,TP,112.0
1225,2020-07-16 18:45:00,2020-07-16 19:08:00,Long,1.13814,1.13714,-0.001,SL,23.0
1226,2020-07-16 19:32:00,2020-07-17 08:31:00,Long,1.13815,1.14015,0.002,TP,779.0
1227,2020-07-17 09:59:00,2020-07-17 10:38:00,Short,1.14128,1.14228,-0.001,SL,39.0
1228,2020-07-17 11:39:00,2020-07-17 14:05:00,Short,1.14264,1.14364,-0.001,SL,146.0
1229,2020-07-17 14:56:00,2020-07-17 16:05:00,Short,1.14285,1.14385,-0.001,SL,69.0
1230,2020-07-17 16:31:00,2020-07-17 16:52:00,Short,1.14318,1.14418,-0.001,SL,21.0
1231,2020-07-17 17:35:00,2020-07-19 21:04:00,Short,1.14371,1.14171,0.002,TP,3089.0
1232,2020-07-19 21:51:00,2020-07-19 22:25:00,Long,1.14198,1.14398,0.002,TP,34.0
1233,2020-07-19 23:11:00,2020-07-20 00:53:00,Short,1.1439,1.1419,0.002,TP,102.0
1234,2020-07-20 02:11:00,2020-07-20 04:59:00,Long,1.14182,1.14382,0.002,TP,168.0
1235,2020-07-20 07:00:00,2020-07-20 12:46:00,Short,1.14578,1.14378,0.002,TP,346.0
1236,2020-07-20 13:36:00,2020-07-20 13:39:00,Long,1.14274,1.14174,-0.001,SL,3.0
1237,2020-07-20 14:19:00,2020-07-20 14:42:00,Long,1.14182,1.14382,0.002,TP,23.0
1238,2020-07-20 15:38:00,2020-07-20 19:57:00,Short,1.14376,1.14476,-0.001,SL,259.0
1239,2020-07-20 21:08:00,2020-07-20 23:28:00,Short,1.14441,1.14541,-0.001,SL,140.0
1240,2020-07-21 00:55:00,2020-07-21 03:28:00,Short,1.14555,1.14655,-0.001,SL,153.0
1241,2020-07-21 03:35:00,2020-07-21 04:24:00,Short,1.14502,1.14302,0.002,TP,49.0
1242,2020-07-21 05:25:00,2020-07-21 07:00:00,Long,1.14326,1.14526,0.002,TP,95.0
1243,2020-07-21 07:38:00,2020-07-21 10:18:00,Short,1.14453,1.14553,-0.001,SL,160.0
1244,2020-07-21 10:57:00,2020-07-21 13:11:00,Short,1.14459,1.14259,0.002,TP,134.0
1245,2020-07-21 13:42:00,2020-07-21 14:15:00,Long,1.14428,1.14628,0.002,TP,33.0
1246,2020-07-21 18:27:00,2020-07-21 23:46:00,Short,1.15295,1.15395,-0.001,SL,319.0
1247,2020-07-22 00:24:00,2020-07-22 02:56:00,Short,1.15356,1.15456,-0.001,SL,152.0
1248,2020-07-22 03:29:00,2020-07-22 06:25:00,Short,1.154,1.152,0.002,TP,176.0
1249,2020-07-22 06:50:00,2020-07-22 07:28:00,Long,1.15345,1.15245,-0.001,SL,38.0
1250,2020-07-22 07:33:00,2020-07-22 09:29:00,Short,1.15251,1.15351,-0.001,SL,116.0
1251,2020-07-22 10:55:00,2020-07-22 11:04:00,Short,1.15674,1.15774,-0.001,SL,9.0
1252,2020-07-22 11:42:00,2020-07-22 12:38:00,Long,1.15745,1.15945,0.002,TP,56.0
1253,2020-07-22 13:17:00,2020-07-22 13:37:00,Short,1.15849,1.15949,-0.001,SL,20.0
1254,2020-07-22 13:44:00,2020-07-22 14:06:00,Long,1.15924,1.15824,-0.001,SL,22.0
1255,2020-07-22 14:10:00,2020-07-22 14:17:00,Short,1.15731,1.15831,-0.001,SL,7.0
1256,2020-07-22 14:51:00,2020-07-22 17:16:00,Long,1.15815,1.15715,-0.001,SL,145.0
1257,2020-07-22 19:02:00,2020-07-23 06:02:00,Long,1.15692,1.15892,0.002,TP,660.0
1258,2020-07-23 06:38:00,2020-07-23 11:54:00,Short,1.15893,1.15693,0.002,TP,316.0
1259,2020-07-23 13:23:00,2020-07-23 13:45:00,Long,1.15534,1.15734,0.002,TP,22.0
1260,2020-07-23 15:15:00,2020-07-23 15:34:00,Short,1.15889,1.15989,-0.001,SL,19.0
1261,2020-07-23 15:39:00,2020-07-23 18:17:00,Long,1.16085,1.15985,-0.001,SL,158.0
1262,2020-07-23 18:38:00,2020-07-23 19:16:00,Long,1.16076,1.15976,-0.001,SL,38.0
1263,2020-07-23 20:58:00,2020-07-24 01:16:00,Long,1.1597,1.1617,0.002,TP,258.0
1264,2020-07-24 01:39:00,2020-07-24 05:02:00,Short,1.16144,1.15944,0.002,TP,203.0
1265,2020-07-24 05:50:00,2020-07-24 07:49:00,Long,1.15993,1.16193,0.002,TP,119.0
1266,2020-07-24 08:14:00,2020-07-24 08:31:00,Short,1.16019,1.16119,-0.001,SL,17.0
1267,2020-07-24 08:43:00,2020-07-24 08:53:00,Long,1.16042,1.15942,-0.001,SL,10.0
1268,2020-07-24 09:26:00,2020-07-24 10:35:00,Long,1.16033,1.15933,-0.001,SL,69.0
1269,2020-07-24 11:30:00,2020-07-24 12:04:00,Long,1.15881,1.16081,0.002,TP,34.0
1270,2020-07-24 13:23:00,2020-07-24 14:18:00,Short,1.16137,1.16237,-0.001,SL,55.0
1271,2020-07-24 15:08:00,2020-07-24 15:29:00,Short,1.16275,1.16375,-0.001,SL,21.0
1272,2020-07-24 16:09:00,2020-07-24 17:20:00,Short,1.16325,1.16425,-0.001,SL,71.0
1273,2020-07-24 17:55:00,2020-07-24 20:19:00,Short,1.16405,1.16505,-0.001,SL,144.0
1274,2020-07-24 21:44:00,2020-07-27 00:19:00,Short,1.16546,1.16646,-0.001,SL,3035.0
1275,2020-07-27 01:28:00,2020-07-27 01:35:00,Short,1.16871,1.16971,-0.001,SL,7.0
1276,2020-07-27 01:38:00,2020-07-27 02:56:00,Long,1.16943,1.17143,0.002,TP,78.0
1277,2020-07-27 03:49:00,2020-07-27 07:37:00,Short,1.17112,1.16912,0.002,TP,228.0
1278,2020-07-27 08:20:00,2020-07-27 09:01:00,Long,1.17044,1.16944,-0.001,SL,41.0
1279,2020-07-27 09:42:00,2020-07-27 10:19:00,Long,1.16984,1.17184,0.002,TP,37.0
1280,2020-07-27 11:10:00,2020-07-27 11:56:00,Short,1.17207,1.17307,-0.001,SL,46.0
1281,2020-07-27 12:46:00,2020-07-27 13:43:00,Short,1.17421,1.17521,-0.001,SL,57.0
1282,2020-07-27 14:28:00,2020-07-27 14:34:00,Short,1.17566,1.17666,-0.001,SL,6.0
1283,2020-07-27 14:37:00,2020-07-27 15:29:00,Long,1.17706,1.17606,-0.001,SL,52.0
1284,2020-07-27 16:32:00,2020-07-27 16:55:00,Long,1.17568,1.17468,-0.001,SL,23.0
1285,2020-07-27 17:29:00,2020-07-28 00:51:00,Long,1.17516,1.17716,0.002,TP,442.0
1286,2020-07-28 00:53:00,2020-07-28 01:34:00,Long,1.17712,1.17612,-0.001,SL,41.0
1287,2020-07-28 01:37:00,2020-07-28 03:04:00,Short,1.17596,1.17396,0.002,TP,87.0
1288,2020-07-28 04:35:00,2020-07-28 05:30:00,Long,1.17324,1.17224,-0.001,SL,55.0
1289,2020-07-28 05:52:00,2020-07-28 07:31:00,Long,1.17335,1.17235,-0.001,SL,99.0
1290,2020-07-28 08:42:00,2020-07-28 09:47:00,Long,1.17137,1.17337,0.002,TP,65.0
1291,2020-07-28 10:31:00,2020-07-28 10:47:00,Short,1.17285,1.17385,-0.001,SL,16.0
1292,2020-07-28 10:50:00,2020-07-28 11:36:00,Long,1.17381,1.17281,-0.001,SL,46.0
1293,2020-07-28 12:24:00,2020-07-28 13:30:00,Long,1.17186,1.17386,0.002,TP,66.0
1294,2020-07-28 13:34:00,2020-07-28 14:26:00,Long,1.17306,1.17206,-0.001,SL,52.0
1295,2020-07-28 15:06:00,2020-07-29 06:14:00,Long,1.17205,1.17405,0.002,TP,908.0
1296,2020-07-29 07:30:00,2020-07-29 07:41:00,Short,1.17492,1.17592,-0.001,SL,11.0
1297,2020-07-29 08:17:00,2020-07-29 11:01:00,Short,1.17612,1.17412,0.002,TP,164.0
1298,2020-07-29 12:31:00,2020-07-29 13:02:00,Long,1.17278,1.17478,0.002,TP,31.0
1299,2020-07-29 13:54:00,2020-07-29 14:05:00,Short,1.17513,1.17613,-0.001,SL,11.0
1300,2020-07-29 14:37:00,2020-07-29 14:41:00,Short,1.1754,1.1764,-0.001,SL,4.0
1301,2020-07-29 14:44:00,2020-07-29 18:00:00,Long,1.17722,1.17922,0.002,TP,196.0
1302,2020-07-29 18:34:00,2020-07-29 18:42:00,Short,1.17949,1.18049,-0.001,SL,8.0
1303,2020-07-29 19:01:00,2020-07-29 19:05:00,Short,1.17614,1.17714,-0.001,SL,4.0
1304,2020-07-29 19:33:00,2020-07-29 19:51:00,Long,1.17876,1.17776,-0.001,SL,18.0
1305,2020-07-29 19:59:00,2020-07-29 20:13:00,Short,1.17744,1.17844,-0.001,SL,14.0
1306,2020-07-29 20:22:00,2020-07-30 00:18:00,Long,1.1787,1.1777,-0.001,SL,236.0
1307,2020-07-30 01:02:00,2020-07-30 01:12:00,Long,1.17834,1.17734,-0.001,SL,10.0
1308,2020-07-30 01:21:00,2020-07-30 03:20:00,Short,1.17716,1.17816,-0.001,SL,119.0
1309,2020-07-30 03:48:00,2020-07-30 06:13:00,Short,1.17778,1.17578,0.002,TP,145.0
1310,2020-07-30 07:03:00,2020-07-30 07:14:00,Long,1.1761,1.1751,-0.001,SL,11.0
1311,2020-07-30 07:23:00,2020-07-30 09:04:00,Short,1.17572,1.17372,0.002,TP,101.0
1312,2020-07-30 09:37:00,2020-07-30 12:58:00,Long,1.17475,1.17675,0.002,TP,201.0
1313,2020-07-30 14:04:00,2020-07-30 14:07:00,Short,1.17816,1.17916,-0.001,SL,3.0
1314,2020-07-30 15:05:00,2020-07-30 15:09:00,Long,1.17904,1.17804,-0.001,SL,4.0
1315,2020-07-30 15:20:00,2020-07-30 15:55:00,Short,1.17826,1.17926,-0.001,SL,35.0
1316,2020-07-30 18:13:00,2020-07-30 18:59:00,Short,1.18257,1.18357,-0.001,SL,46.0
1317,2020-07-30 19:45:00,2020-07-30 23:15:00,Short,1.18416,1.18516,-0.001,SL,210.0
1318,2020-07-31 00:36:00,2020-07-31 01:33:00,Short,1.18677,1.18777,-0.001,SL,57.0
1319,2020-07-31 03:08:00,2020-07-31 06:41:00,Short,1.18888,1.18988,-0.001,SL,213.0
1320,2020-07-31 07:18:00,2020-07-31 08:28:00,Short,1.18908,1.18708,0.002,TP,70.0
1321,2020-07-31 09:48:00,2020-07-31 11:06:00,Long,1.18527,1.18427,-0.001,SL,78.0
1322,2020-07-31 11:58:00,2020-07-31 13:06:00,Long,1.18391,1.18291,-0.001,SL,68.0
1323,2020-07-31 14:06:00,2020-07-31 14:58:00,Long,1.18322,1.18222,-0.001,SL,52.0
1324,2020-07-31 17:01:00,2020-07-31 18:36:00,Long,1.17913,1.17813,-0.001,SL,95.0
1325,2020-07-31 19:06:00,2020-07-31 19:47:00,Long,1.17901,1.17801,-0.001,SL,41.0
1326,2020-07-31 21:14:00,2020-08-02 22:56:00,Long,1.17753,1.17953,0.002,TP,2982.0
1327,2020-08-02 23:21:00,2020-08-03 00:13:00,Short,1.17872,1.17672,0.002,TP,52.0
1328,2020-08-03 00:59:00,2020-08-03 02:03:00,Long,1.17526,1.17726,0.002,TP,64.0
1329,2020-08-03 03:27:00,2020-08-03 04:15:00,Short,1.17677,1.17777,-0.001,SL,48.0
1330,2020-08-03 05:07:00,2020-08-03 06:29:00,Short,1.1774,1.1754,0.002,TP,82.0
1331,2020-08-03 07:14:00,2020-08-03 08:38:00,Long,1.17594,1.17794,0.002,TP,84.0
1332,2020-08-03 09:11:00,2020-08-03 09:57:00,Short,1.17698,1.17498,0.002,TP,46.0
1333,2020-08-03 11:05:00,2020-08-03 12:15:00,Long,1.17329,1.17229,-0.001,SL,70.0
1334,2020-08-03 12:43:00,2020-08-03 12:46:00,Long,1.17339,1.17239,-0.001,SL,3.0
1335,2020-08-03 12:54:00,2020-08-03 13:06:00,Short,1.17163,1.16963,0.002,TP,12.0
1336,2020-08-03 13:46:00,2020-08-03 14:00:00,Long,1.17063,1.17263,0.002,TP,14.0
1337,2020-08-03 14:44:00,2020-08-03 14:52:00,Short,1.1726,1.1736,-0.001,SL,8.0
1338,2020-08-03 15:04:00,2020-08-03 17:48:00,Long,1.17383,1.17583,0.002,TP,164.0
1339,2020-08-03 17:57:00,2020-08-03 18:38:00,Short,1.17515,1.17615,-0.001,SL,41.0
1340,2020-08-03 19:47:00,2020-08-04 02:41:00,Short,1.17617,1.17717,-0.001,SL,414.0
1341,2020-08-04 03:21:00,2020-08-04 05:00:00,Short,1.17647,1.17747,-0.001,SL,99.0
1342,2020-08-04 05:20:00,2020-08-04 06:39:00,Short,1.17679,1.17779,-0.001,SL,79.0
1343,2020-08-04 08:04:00,2020-08-04 09:21:00,Short,1.17901,1.18001,-0.001,SL,77.0
1344,2020-08-04 09:57:00,2020-08-04 10:51:00,Short,1.17949,1.17749,0.002,TP,54.0
1345,2020-08-04 12:16:00,2020-08-04 12:36:00,Long,1.17658,1.17558,-0.001,SL,20.0
1346,2020-08-04 12:41:00,2020-08-04 12:53:00,Short,1.17461,1.17261,0.002,TP,12.0
1347,2020-08-04 13:46:00,2020-08-04 13:51:00,Long,1.17333,1.17233,-0.001,SL,5.0
1348,2020-08-04 13:55:00,2020-08-04 14:05:00,Short,1.17253,1.17353,-0.001,SL,10.0
1349,2020-08-04 14:13:00,2020-08-04 14:42:00,Long,1.17362,1.17562,0.002,TP,29.0
1350,2020-08-04 16:00:00,2020-08-04 16:18:00,Short,1.17652,1.17752,-0.001,SL,18.0
1351,2020-08-04 18:28:00,2020-08-04 19:08:00,Short,1.178,1.179,-0.001,SL,40.0
1352,2020-08-04 20:19:00,2020-08-04 23:54:00,Short,1.17973,1.18073,-0.001,SL,215.0
1353,2020-08-05 00:31:00,2020-08-05 01:44:00,Short,1.18035,1.18135,-0.001,SL,73.0
1354,2020-08-05 02:08:00,2020-08-05 02:43:00,Short,1.1807,1.1817,-0.001,SL,35.0
1355,2020-08-05 03:20:00,2020-08-05 06:52:00,Short,1.18137,1.18237,-0.001,SL,212.0
1356,2020-08-05 08:09:00,2020-08-05 08:47:00,Short,1.18163,1.18263,-0.001,SL,38.0
1357,2020-08-05 08:49:00,2020-08-05 09:41:00,Long,1.18267,1.18467,0.002,TP,52.0
1358,2020-08-05 10:27:00,2020-08-05 10:53:00,Short,1.18548,1.18348,0.002,TP,26.0
1359,2020-08-05 11:28:00,2020-08-05 12:26:00,Long,1.18503,1.18703,0.002,TP,58.0
1360,2020-08-05 13:12:00,2020-08-05 13:23:00,Short,1.18689,1.18789,-0.001,SL,11.0
1361,2020-08-05 14:29:00,2020-08-05 14:36:00,Short,1.18863,1.18963,-0.001,SL,7.0
1362,2020-08-05 15:17:00,2020-08-05 16:30:00,Long,1.18949,1.18849,-0.001,SL,73.0
1363,2020-08-05 17:18:00,2020-08-05 17:42:00,Long,1.18782,1.18682,-0.001,SL,24.0
1364,2020-08-05 19:10:00,2020-08-06 00:08:00,Long,1.18604,1.18804,0.002,TP,298.0
1365,2020-08-06 00:11:00,2020-08-06 02:03:00,Long,1.18779,1.18679,-0.001,SL,112.0
1366,2020-08-06 02:36:00,2020-08-06 06:02:00,Long,1.18708,1.18908,0.002,TP,206.0
1367,2020-08-06 06:42:00,2020-08-06 07:25:00,Short,1.18839,1.18639,0.002,TP,43.0
1368,2020-08-06 08:33:00,2020-08-06 08:37:00,Long,1.18578,1.18478,-0.001,SL,4.0
1369,2020-08-06 08:53:00,2020-08-06 09:28:00,Short,1.18427,1.18527,-0.001,SL,35.0
1370,2020-08-06 10:22:00,2020-08-06 11:05:00,Short,1.1854,1.1834,0.002,TP,43.0
1371,2020-08-06 11:34:00,2020-08-06 13:18:00,Long,1.18453,1.18353,-0.001,SL,104.0
1372,2020-08-06 13:44:00,2020-08-06 14:07:00,Long,1.18487,1.18387,-0.001,SL,23.0
1373,2020-08-06 14:13:00,2020-08-06 14:42:00,Short,1.184,1.182,0.002,TP,29.0
1374,2020-08-06 15:02:00,2020-08-06 16:01:00,Long,1.18388,1.18588,0.002,TP,59.0
1375,2020-08-06 16:45:00,2020-08-06 17:45:00,Short,1.18744,1.18844,-0.001,SL,60.0
1376,2020-08-06 17:47:00,2020-08-06 17:56:00,Long,1.18905,1.18805,-0.001,SL,9.0
1377,2020-08-06 18:13:00,2020-08-07 02:27:00,Short,1.18749,1.18549,0.002,TP,494.0
1378,2020-08-07 04:18:00,2020-08-07 08:10:00,Long,1.18314,1.18214,-0.001,SL,232.0
1379,2020-08-07 08:55:00,2020-08-07 09:13:00,Long,1.18302,1.18202,-0.001,SL,18.0
1380,2020-08-07 10:17:00,2020-08-07 12:31:00,Long,1.18176,1.18076,-0.001,SL,134.0
1381,2020-08-07 13:13:00,2020-08-07 13:23:00,Short,1.18012,1.17812,0.002,TP,10.0
1382,2020-08-07 14:39:00,2020-08-07 15:09:00,Long,1.17739,1.17939,0.002,TP,30.0
1383,2020-08-07 15:48:00,2020-08-10 00:51:00,Short,1.17841,1.17941,-0.001,SL,3423.0
1384,2020-08-10 01:22:00,2020-08-10 06:09:00,Short,1.17905,1.18005,-0.001,SL,287.0
1385,2020-08-10 06:34:00,2020-08-10 07:22:00,Short,1.17825,1.17625,0.002,TP,48.0
1386,2020-08-10 07:44:00,2020-08-10 07:56:00,Long,1.17744,1.17644,-0.001,SL,12.0
1387,2020-08-10 08:02:00,2020-08-10 08:14:00,Short,1.17621,1.17721,-0.001,SL,12.0
1388,2020-08-10 08:25:00,2020-08-10 08:36:00,Long,1.17695,1.17595,-0.001,SL,11.0
1389,2020-08-10 08:39:00,2020-08-10 08:51:00,Short,1.17552,1.17652,-0.001,SL,12.0
1390,2020-08-10 09:04:00,2020-08-10 09:38:00,Long,1.17728,1.17628,-0.001,SL,34.0
1391,2020-08-10 09:40:00,2020-08-10 11:25:00,Short,1.17628,1.17428,0.002,TP,105.0
1392,2020-08-10 11:47:00,2020-08-10 13:33:00,Long,1.17533,1.17733,0.002,TP,106.0
1393,2020-08-10 13:38:00,2020-08-10 14:48:00,Long,1.1775,1.1765,-0.001,SL,70.0
1394,2020-08-10 17:00:00,2020-08-10 18:59:00,Long,1.17533,1.17433,-0.001,SL,119.0
1395,2020-08-10 19:41:00,2020-08-11 00:02:00,Long,1.17407,1.17307,-0.001,SL,261.0
1396,2020-08-11 01:20:00,2020-08-11 02:17:00,Long,1.17294,1.17494,0.002,TP,57.0
1397,2020-08-11 02:48:00,2020-08-11 06:05:00,Short,1.17451,1.17551,-0.001,SL,197.0
1398,2020-08-11 06:07:00,2020-08-11 06:12:00,Long,1.17553,1.17453,-0.001,SL,5.0
1399,2020-08-11 06:15:00,2020-08-11 06:54:00,Short,1.17436,1.17236,0.002,TP,39.0
1400,2020-08-11 07:15:00,2020-08-11 08:07:00,Long,1.17333,1.17533,0.002,TP,52.0
1401,2020-08-11 10:59:00,2020-08-11 11:42:00,Short,1.17895,1.17995,-0.001,SL,43.0
1402,2020-08-11 12:04:00,2020-08-11 12:24:00,Short,1.17869,1.17969,-0.001,SL,20.0
1403,2020-08-11 12:33:00,2020-08-11 13:05:00,Long,1.17919,1.17819,-0.001,SL,32.0
1404,2020-08-11 13:53:00,2020-08-11 14:04:00,Long,1.17853,1.17753,-0.001,SL,11.0
1405,2020-08-11 14:19:00,2020-08-11 14:25:00,Short,1.17678,1.17778,-0.001,SL,6.0
1406,2020-08-11 14:48:00,2020-08-11 14:55:00,Long,1.17776,1.17676,-0.001,SL,7.0
1407,2020-08-11 15:02:00,2020-08-11 15:05:00,Short,1.17638,1.17738,-0.001,SL,3.0
1408,2020-08-11 15:15:00,2020-08-11 15:17:00,Long,1.17877,1.17777,-0.001,SL,2.0
1409,2020-08-11 15:36:00,2020-08-11 17:31:00,Short,1.1776,1.1756,0.002,TP,115.0
1410,2020-08-11 18:00:00,2020-08-11 18:31:00,Long,1.17631,1.17531,-0.001,SL,31.0
1411,2020-08-11 20:10:00,2020-08-12 02:00:00,Long,1.17345,1.17245,-0.001,SL,350.0
1412,2020-08-12 02:40:00,2020-08-12 02:55:00,Long,1.17292,1.17192,-0.001,SL,15.0
1413,2020-08-12 03:01:00,2020-08-12 06:10:00,Short,1.17228,1.17328,-0.001,SL,189.0
1414,2020-08-12 07:03:00,2020-08-12 07:31:00,Short,1.17293,1.17393,-0.001,SL,28.0
1415,2020-08-12 08:56:00,2020-08-12 09:15:00,Short,1.17498,1.17598,-0.001,SL,19.0
1416,2020-08-12 09:20:00,2020-08-12 12:37:00,Long,1.17623,1.17823,0.002,TP,197.0
1417,2020-08-12 13:41:00,2020-08-12 14:56:00,Short,1.17896,1.17996,-0.001,SL,75.0
1418,2020-08-12 15:19:00,2020-08-13 00:11:00,Short,1.17918,1.18018,-0.001,SL,532.0
1419,2020-08-13 01:53:00,2020-08-13 06:00:00,Short,1.18073,1.18173,-0.001,SL,247.0
1420,2020-08-13 06:57:00,2020-08-13 08:42:00,Short,1.1828,1.1838,-0.001,SL,105.0
1421,2020-08-13 09:17:00,2020-08-13 09:44:00,Short,1.18303,1.18403,-0.001,SL,27.0
1422,2020-08-13 09:46:00,2020-08-13 12:19:00,Long,1.18391,1.18291,-0.001,SL,153.0
1423,2020-08-13 12:47:00,2020-08-13 13:07:00,Long,1.18384,1.18284,-0.001,SL,20.0
1424,2020-08-13 13:19:00,2020-08-13 13:41:00,Short,1.1834,1.1844,-0.001,SL,22.0
1425,2020-08-13 14:37:00,2020-08-13 15:04:00,Short,1.18489,1.18289,0.002,TP,27.0
1426,2020-08-13 16:42:00,2020-08-13 18:18:00,Long,1.182,1.181,-0.001,SL,96.0
1427,2020-08-13 19:07:00,2020-08-13 23:35:00,Long,1.17997,1.18197,0.002,TP,268.0
1428,2020-08-14 00:03:00,2020-08-14 05:56:00,Short,1.18093,1.18193,-0.001,SL,353.0
1429,2020-08-14 06:35:00,2020-08-14 07:25:00,Short,1.18138,1.17938,0.002,TP,50.0
1430,2020-08-14 08:04:00,2020-08-14 09:25:00,Long,1.18012,1.17912,-0.001,SL,81.0
1431,2020-08-14 10:05:00,2020-08-14 12:34:00,Long,1.17999,1.18199,0.002,TP,149.0
1432,2020-08-14 13:43:00,2020-08-14 13:52:00,Short,1.18235,1.18335,-0.001,SL,9.0
1433,2020-08-14 14:19:00,2020-08-14 14:32:00,Short,1.1816,1.1826,-0.001,SL,13.0
1434,2020-08-14 14:45:00,2020-08-16 23:37:00,Long,1.18307,1.18507,0.002,TP,3412.0
1435,2020-08-17 00:10:00,2020-08-17 02:17:00,Short,1.18438,1.18538,-0.001,SL,127.0
1436,2020-08-17 03:02:00,2020-08-17 06:00:00,Short,1.18562,1.18662,-0.001,SL,178.0
1437,2020-08-17 06:41:00,2020-08-17 07:34:00,Short,1.18655,1.18455,0.002,TP,53.0
1438,2020-08-17 09:01:00,2020-08-17 12:25:00,Long,1.18383,1.18583,0.002,TP,204.0
1439,2020-08-17 13:04:00,2020-08-17 13:34:00,Short,1.18565,1.18665,-0.001,SL,30.0
1440,2020-08-17 14:26:00,2020-08-18 00:43:00,Short,1.18717,1.18817,-0.001,SL,617.0
1441,2020-08-18 01:37:00,2020-08-18 06:05:00,Short,1.18862,1.18962,-0.001,SL,268.0
1442,2020-08-18 06:07:00,2020-08-18 06:35:00,Short,1.18927,1.19027,-0.001,SL,28.0
1443,2020-08-18 06:59:00,2020-08-18 07:07:00,Short,1.18856,1.18956,-0.001,SL,8.0
1444,2020-08-18 07:21:00,2020-08-18 07:25:00,Long,1.19021,1.18921,-0.001,SL,4.0
1445,2020-08-18 07:41:00,2020-08-18 08:46:00,Short,1.18964,1.19064,-0.001,SL,65.0
1446,2020-08-18 09:31:00,2020-08-18 12:19:00,Short,1.1906,1.1916,-0.001,SL,168.0
1447,2020-08-18 13:23:00,2020-08-18 13:28:00,Short,1.19388,1.19488,-0.001,SL,5.0
1448,2020-08-18 14:11:00,2020-08-18 14:28:00,Short,1.19463,1.19263,0.002,TP,17.0
1449,2020-08-18 15:44:00,2020-08-18 23:51:00,Long,1.1927,1.1947,0.002,TP,487.0
1450,2020-08-19 00:26:00,2020-08-19 01:08:00,Short,1.19418,1.19518,-0.001,SL,42.0
1451,2020-08-19 01:36:00,2020-08-19 07:19:00,Short,1.19429,1.19229,0.002,TP,343.0
1452,2020-08-19 07:50:00,2020-08-19 14:38:00,Long,1.19313,1.19213,-0.001,SL,408.0
1453,2020-08-19 15:42:00,2020-08-19 16:06:00,Long,1.19032,1.18932,-0.001,SL,24.0
1454,2020-08-19 17:05:00,2020-08-19 18:06:00,Long,1.18759,1.18659,-0.001,SL,61.0
1455,2020-08-19 18:09:00,2020-08-19 18:24:00,Short,1.18436,1.18536,-0.001,SL,15.0
1456,2020-08-19 18:54:00,2020-08-19 19:48:00,Long,1.18534,1.18434,-0.001,SL,54.0
1457,2020-08-19 20:28:00,2020-08-20 01:21:00,Long,1.18432,1.18332,-0.001,SL,293.0
1458,2020-08-20 01:56:00,2020-08-20 07:21:00,Long,1.18414,1.18614,0.002,TP,325.0
1459,2020-08-20 07:55:00,2020-08-20 08:21:00,Short,1.18507,1.18307,0.002,TP,26.0
1460,2020-08-20 09:01:00,2020-08-20 09:25:00,Long,1.18384,1.18284,-0.001,SL,24.0
1461,2020-08-20 09:31:00,2020-08-20 09:44:00,Short,1.18267,1.18367,-0.001,SL,13.0
1462,2020-08-20 09:54:00,2020-08-20 12:32:00,Long,1.18331,1.18531,0.002,TP,158.0
1463,2020-08-20 12:38:00,2020-08-20 12:52:00,Long,1.1852,1.1842,-0.001,SL,14.0
1464,2020-08-20 12:57:00,2020-08-20 13:14:00,Short,1.18301,1.18101,0.002,TP,17.0
1465,2020-08-20 13:50:00,2020-08-20 14:50:00,Long,1.18254,1.18454,0.002,TP,60.0
1466,2020-08-20 16:27:00,2020-08-20 23:04:00,Short,1.18567,1.18667,-0.001,SL,397.0
1467,2020-08-21 00:42:00,2020-08-21 05:14:00,Short,1.18695,1.18795,-0.001,SL,272.0
1468,2020-08-21 05:39:00,2020-08-21 07:15:00,Short,1.18774,1.18574,0.002,TP,96.0
1469,2020-08-21 09:13:00,2020-08-21 10:22:00,Long,1.18137,1.18037,-0.001,SL,69.0
1470,2020-08-21 11:05:00,2020-08-21 11:30:00,Long,1.17956,1.17856,-0.001,SL,25.0
1471,2020-08-21 12:39:00,2020-08-21 13:45:00,Long,1.17739,1.17639,-0.001,SL,66.0
1472,2020-08-21 14:26:00,2020-08-21 16:04:00,Long,1.17779,1.17679,-0.001,SL,98.0
1473,2020-08-21 16:51:00,2020-08-21 19:15:00,Long,1.17726,1.17926,0.002,TP,144.0
1474,2020-08-21 19:43:00,2020-08-23 22:03:00,Short,1.17908,1.18008,-0.001,SL,3020.0
1475,2020-08-23 22:26:00,2020-08-24 06:57:00,Short,1.17979,1.18079,-0.001,SL,511.0
1476,2020-08-24 07:44:00,2020-08-24 08:00:00,Short,1.18053,1.18153,-0.001,SL,16.0
1477,2020-08-24 08:34:00,2020-08-24 08:48:00,Short,1.18133,1.18233,-0.001,SL,14.0
1478,2020-08-24 10:19:00,2020-08-24 10:35:00,Short,1.18336,1.18436,-0.001,SL,16.0
1479,2020-08-24 10:52:00,2020-08-24 11:11:00,Short,1.18285,1.18385,-0.001,SL,19.0
1480,2020-08-24 11:18:00,2020-08-24 13:35:00,Long,1.18404,1.18304,-0.001,SL,137.0
1481,2020-08-24 15:56:00,2020-08-24 16:43:00,Long,1.1802,1.1792,-0.001,SL,47.0
1482,2020-08-24 17:09:00,2020-08-24 18:55:00,Long,1.18023,1.17923,-0.001,SL,106.0
1483,2020-08-24 19:40:00,2020-08-25 04:00:00,Long,1.17884,1.18084,0.002,TP,500.0
1484,2020-08-25 05:08:00,2020-08-25 07:30:00,Short,1.18081,1.18181,-0.001,SL,142.0
1485,2020-08-25 08:28:00,2020-08-25 09:16:00,Short,1.18232,1.18332,-0.001,SL,48.0
1486,2020-08-25 09:52:00,2020-08-25 10:23:00,Short,1.18272,1.18372,-0.001,SL,31.0
1487,2020-08-25 10:56:00,2020-08-25 12:25:00,Short,1.18264,1.18064,0.002,TP,89.0
1488,2020-08-25 13:04:00,2020-08-25 13:34:00,Long,1.18228,1.18428,0.002,TP,30.0
1489,2020-08-25 13:56:00,2020-08-25 14:46:00,Short,1.18335,1.18135,0.002,TP,50.0
1490,2020-08-25 15:22:00,2020-08-25 15:27:00,Long,1.1827,1.1817,-0.001,SL,5.0
1491,2020-08-25 15:37:00,2020-08-25 18:23:00,Short,1.18187,1.18287,-0.001,SL,166.0
1492,2020-08-25 19:46:00,2020-08-26 04:46:00,Short,1.18328,1.18128,0.002,TP,540.0
1493,2020-08-26 05:38:00,2020-08-26 07:10:00,Long,1.18105,1.18005,-0.001,SL,92.0
1494,2020-08-26 07:33:00,2020-08-26 07:58:00,Long,1.1822,1.1812,-0.001,SL,25.0
1495,2020-08-26 08:07:00,2020-08-26 08:22:00,Short,1.18073,1.18173,-0.001,SL,15.0
1496,2020-08-26 08:36:00,2020-08-26 09:03:00,Long,1.18207,1.18107,-0.001,SL,27.0
1497,2020-08-26 09:43:00,2020-08-26 11:52:00,Long,1.1814,1.1804,-0.001,SL,129.0
1498,2020-08-26 13:05:00,2020-08-26 13:37:00,Long,1.17868,1.18068,0.002,TP,32.0
1499,2020-08-26 15:01:00,2020-08-26 15:44:00,Short,1.18159,1.18259,-0.001,SL,43.0
1500,2020-08-26 16:03:00,2020-08-26 16:23:00,Short,1.18147,1.18247,-0.001,SL,20.0
1501,2020-08-26 16:27:00,2020-08-26 18:44:00,Long,1.18272,1.18172,-0.001,SL,137.0
1502,2020-08-26 19:28:00,2020-08-27 00:00:00,Long,1.18208,1.18408,0.002,TP,272.0
1503,2020-08-27 00:35:00,2020-08-27 01:05:00,Short,1.1838,1.1848,-0.001,SL,30.0
1504,2020-08-27 01:25:00,2020-08-27 10:34:00,Short,1.18347,1.18147,0.002,TP,549.0
1505,2020-08-27 11:33:00,2020-08-27 12:20:00,Long,1.18112,1.18012,-0.001,SL,47.0
1506,2020-08-27 12:42:00,2020-08-27 12:48:00,Long,1.18108,1.18308,0.002,TP,6.0
1507,2020-08-27 13:44:00,2020-08-27 13:47:00,Short,1.1808,1.1788,0.002,TP,3.0
1508,2020-08-27 14:36:00,2020-08-27 14:40:00,Long,1.18015,1.17915,-0.001,SL,4.0
1509,2020-08-27 14:59:00,2020-08-27 15:25:00,Short,1.17881,1.17981,-0.001,SL,26.0
1510,2020-08-27 16:36:00,2020-08-27 16:51:00,Short,1.18205,1.18005,0.002,TP,15.0
1511,2020-08-27 17:25:00,2020-08-27 18:11:00,Long,1.18105,1.18305,0.002,TP,46.0
1512,2020-08-27 18:48:00,2020-08-28 02:15:00,Short,1.18245,1.18345,-0.001,SL,447.0
1513,2020-08-28 02:50:00,2020-08-28 03:02:00,Short,1.1833,1.1843,-0.001,SL,12.0
1514,2020-08-28 04:37:00,2020-08-28 04:44:00,Short,1.18548,1.18648,-0.001,SL,7.0
1515,2020-08-28 04:50:00,2020-08-28 07:05:00,Long,1.18646,1.18846,0.002,TP,135.0
1516,2020-08-28 07:07:00,2020-08-28 08:19:00,Long,1.18863,1.19063,0.002,TP,72.0
1517,2020-08-28 09:32:00,2020-08-28 09:56:00,Short,1.19067,1.18867,0.002,TP,24.0
1518,2020-08-28 10:38:00,2020-08-28 11:38:00,Long,1.18974,1.19174,0.002,TP,60.0
1519,2020-08-28 12:35:00,2020-08-28 12:53:00,Short,1.1902,1.1882,0.002,TP,18.0
1520,2020-08-28 13:30:00,2020-08-28 13:41:00,Long,1.18917,1.18817,-0.001,SL,11.0
1521,2020-08-28 13:53:00,2020-08-28 14:28:00,Short,1.18807,1.18907,-0.001,SL,35.0
1522,2020-08-28 14:32:00,2020-08-28 14:55:00,Long,1.18905,1.19105,0.002,TP,23.0
1523,2020-08-28 15:23:00,2020-08-28 15:32:00,Short,1.18921,1.19021,-0.001,SL,9.0
1524,2020-08-28 15:42:00,2020-08-28 16:47:00,Long,1.19032,1.18932,-0.001,SL,65.0
1525,2020-08-28 17:36:00,2020-08-30 21:26:00,Long,1.18879,1.19079,0.002,TP,3110.0
1526,2020-08-30 22:22:00,2020-08-30 23:45:00,Short,1.1903,1.1913,-0.001,SL,83.0
1527,2020-08-31 00:27:00,2020-08-31 07:47:00,Short,1.19135,1.18935,0.002,TP,440.0
1528,2020-08-31 08:52:00,2020-08-31 10:22:00,Long,1.19016,1.19216,0.002,TP,90.0
1529,2020-08-31 10:28:00,2020-08-31 11:32:00,Long,1.19169,1.19369,0.002,TP,64.0
1530,2020-08-31 12:22:00,2020-08-31 13:20:00,Short,1.1937,1.1947,-0.001,SL,58.0
1531,2020-08-31 13:40:00,2020-08-31 14:14:00,Short,1.19327,1.19427,-0.001,SL,34.0
1532,2020-08-31 14:17:00,2020-08-31 14:56:00,Long,1.19438,1.19638,0.002,TP,39.0
1533,2020-08-31 15:24:00,2020-08-31 18:20:00,Short,1.19548,1.19348,0.002,TP,176.0
1534,2020-08-31 18:59:00,2020-08-31 19:17:00,Long,1.194,1.193,-0.001,SL,18.0
1535,2020-08-31 20:01:00,2020-09-01 01:36:00,Long,1.19354,1.19554,0.002,TP,335.0
1536,2020-09-01 03:51:00,2020-09-01 07:13:00,Short,1.19893,1.19693,0.002,TP,202.0
1537,2020-09-01 07:48:00,2020-09-01 08:34:00,Long,1.19803,1.19703,-0.001,SL,46.0
1538,2020-09-01 09:21:00,2020-09-01 10:53:00,Long,1.19706,1.19906,0.002,TP,92.0
1539,2020-09-01 11:24:00,2020-09-01 11:37:00,Short,1.19803,1.19903,-0.001,SL,13.0
1540,2020-09-01 11:45:00,2020-09-01 12:13:00,Long,1.19905,1.19805,-0.001,SL,28.0
1541,2020-09-01 12:59:00,2020-09-01 13:21:00,Long,1.19885,1.20085,0.002,TP,22.0
1542,2020-09-01 13:39:00,2020-09-01 14:00:00,Short,1.19735,1.19535,0.002,TP,21.0
1543,2020-09-01 15:00:00,2020-09-01 15:10:00,Long,1.19633,1.19533,-0.001,SL,10.0
1544,2020-09-01 15:34:00,2020-09-01 17:00:00,Short,1.19484,1.19284,0.002,TP,86.0
1545,2020-09-01 17:46:00,2020-09-01 17:52:00,Long,1.19158,1.19058,-0.001,SL,6.0
1546,2020-09-01 17:56:00,2020-09-01 23:37:00,Short,1.1912,1.1922,-0.001,SL,341.0
1547,2020-09-02 00:12:00,2020-09-02 01:05:00,Short,1.19218,1.19018,0.002,TP,53.0
1548,2020-09-02 02:10:00,2020-09-02 06:36:00,Long,1.19007,1.18907,-0.001,SL,266.0
1549,2020-09-02 07:00:00,2020-09-02 07:06:00,Long,1.19032,1.18932,-0.001,SL,6.0
1550,2020-09-02 07:11:00,2020-09-02 07:33:00,Short,1.18848,1.18648,0.002,TP,22.0
1551,2020-09-02 08:02:00,2020-09-02 08:30:00,Long,1.18738,1.18638,-0.001,SL,28.0
1552,2020-09-02 09:17:00,2020-09-02 10:28:00,Long,1.18671,1.18571,-0.001,SL,71.0
1553,2020-09-02 12:08:00,2020-09-02 12:19:00,Long,1.1854,1.1874,0.002,TP,11.0
1554,2020-09-02 12:48:00,2020-09-02 13:21:00,Short,1.18592,1.18392,0.002,TP,33.0
1555,2020-09-02 14:33:00,2020-09-02 14:46:00,Long,1.18439,1.18339,-0.001,SL,13.0
1556,2020-09-02 15:09:00,2020-09-02 16:53:00,Short,1.18349,1.18449,-0.001,SL,104.0
1557,2020-09-02 17:25:00,2020-09-02 20:15:00,Short,1.18413,1.18513,-0.001,SL,170.0
1558,2020-09-02 21:16:00,2020-09-03 00:53:00,Short,1.18541,1.18341,0.002,TP,217.0
1559,2020-09-03 02:08:00,2020-09-03 03:22:00,Long,1.18312,1.18212,-0.001,SL,74.0
1560,2020-09-03 04:13:00,2020-09-03 04:14:00,Long,1.18237,1.18137,-0.001,SL,1.0
1561,2020-09-03 05:26:00,2020-09-03 05:33:00,Long,1.18074,1.17974,-0.001,SL,7.0
1562,2020-09-03 06:23:00,2020-09-03 06:36:00,Long,1.18071,1.17971,-0.001,SL,13.0
1563,2020-09-03 06:44:00,2020-09-03 07:18:00,Short,1.18,1.181,-0.001,SL,34.0
1564,2020-09-03 09:18:00,2020-09-03 09:39:00,Short,1.18246,1.18346,-0.001,SL,21.0
1565,2020-09-03 09:41:00,2020-09-03 09:57:00,Long,1.18348,1.18248,-0.001,SL,16.0
1566,2020-09-03 10:05:00,2020-09-03 10:28:00,Short,1.18173,1.18273,-0.001,SL,23.0
1567,2020-09-03 10:42:00,2020-09-03 10:57:00,Long,1.18212,1.18112,-0.001,SL,15.0
1568,2020-09-03 11:49:00,2020-09-03 12:34:00,Long,1.18092,1.18292,0.002,TP,45.0
1569,2020-09-03 14:20:00,2020-09-03 14:32:00,Short,1.18325,1.18425,-0.001,SL,12.0
1570,2020-09-03 14:45:00,2020-09-03 14:55:00,Long,1.18445,1.18345,-0.001,SL,10.0
1571,2020-09-03 15:07:00,2020-09-03 16:13:00,Short,1.18289,1.18389,-0.001,SL,66.0
1572,2020-09-03 16:56:00,2020-09-03 17:27:00,Short,1.18347,1.18447,-0.001,SL,31.0
1573,2020-09-03 19:27:00,2020-09-04 08:54:00,Short,1.18509,1.18609,-0.001,SL,807.0
1574,2020-09-04 09:28:00,2020-09-04 12:30:00,Short,1.18545,1.18345,0.002,TP,182.0
1575,2020-09-04 14:33:00,2020-09-04 14:37:00,Long,1.18012,1.17912,-0.001,SL,4.0
1576,2020-09-04 15:02:00,2020-09-04 15:35:00,Short,1.17918,1.18018,-0.001,SL,33.0
1577,2020-09-04 18:26:00,2020-09-04 18:55:00,Short,1.18443,1.18543,-0.001,SL,29.0
1578,2020-09-04 19:18:00,2020-09-07 02:33:00,Short,1.18508,1.18308,0.002,TP,3315.0
1579,2020-09-07 02:58:00,2020-09-07 06:29:00,Long,1.18349,1.18249,-0.001,SL,211.0
1580,2020-09-07 06:50:00,2020-09-07 10:14:00,Long,1.18312,1.18212,-0.001,SL,204.0
1581,2020-09-07 10:55:00,2020-09-08 00:42:00,Long,1.18183,1.18083,-0.001,SL,827.0
1582,2020-09-08 02:13:00,2020-09-08 06:04:00,Long,1.18048,1.18248,0.002,TP,231.0
1583,2020-09-08 06:43:00,2020-09-08 09:53:00,Short,1.18136,1.17936,0.002,TP,190.0
1584,2020-09-08 10:53:00,2020-09-08 11:45:00,Long,1.18016,1.17916,-0.001,SL,52.0
1585,2020-09-08 12:31:00,2020-09-08 13:16:00,Long,1.18022,1.17922,-0.001,SL,45.0
1586,2020-09-08 14:14:00,2020-09-08 14:33:00,Long,1.17937,1.17837,-0.001,SL,19.0
1587,2020-09-08 15:00:00,2020-09-08 16:20:00,Short,1.17933,1.18033,-0.001,SL,80.0
1588,2020-09-08 16:55:00,2020-09-08 19:04:00,Short,1.17944,1.17744,0.002,TP,129.0
1589,2020-09-08 19:37:00,2020-09-08 20:40:00,Long,1.1785,1.1775,-0.001,SL,63.0
1590,2020-09-08 21:20:00,2020-09-08 22:07:00,Long,1.17781,1.17681,-0.001,SL,47.0
1591,2020-09-08 22:52:00,2020-09-09 08:03:00,Long,1.17665,1.17865,0.002,TP,551.0
1592,2020-09-09 08:05:00,2020-09-09 08:20:00,Long,1.17824,1.17724,-0.001,SL,15.0
1593,2020-09-09 08:28:00,2020-09-09 11:03:00,Short,1.17733,1.17533,0.002,TP,155.0
1594,2020-09-09 11:13:00,2020-09-09 12:04:00,Long,1.17579,1.17779,0.002,TP,51.0
1595,2020-09-09 14:13:00,2020-09-09 14:22:00,Short,1.18129,1.18229,-0.001,SL,9.0
1596,2020-09-09 14:25:00,2020-09-09 14:57:00,Long,1.18198,1.18098,-0.001,SL,32.0
1597,2020-09-09 15:01:00,2020-09-09 15:23:00,Short,1.18102,1.18202,-0.001,SL,22.0
1598,2020-09-09 15:32:00,2020-09-09 15:59:00,Long,1.18187,1.18087,-0.001,SL,27.0
1599,2020-09-09 17:09:00,2020-09-10 05:24:00,Long,1.18068,1.18268,0.002,TP,735.0
1600,2020-09-10 06:53:00,2020-09-10 08:45:00,Short,1.18296,1.18396,-0.001,SL,112.0
1601,2020-09-10 09:12:00,2020-09-10 10:06:00,Short,1.18318,1.18418,-0.001,SL,54.0
1602,2020-09-10 10:28:00,2020-09-10 11:31:00,Short,1.18335,1.18435,-0.001,SL,63.0
1603,2020-09-10 11:53:00,2020-09-10 11:55:00,Short,1.18375,1.18475,-0.001,SL,2.0
1604,2020-09-10 14:17:00,2020-09-10 14:54:00,Short,1.18974,1.18774,0.002,TP,37.0
1605,2020-09-10 15:35:00,2020-09-10 16:29:00,Long,1.18767,1.18667,-0.001,SL,54.0
1606,2020-09-10 17:21:00,2020-09-10 18:13:00,Long,1.18598,1.18498,-0.001,SL,52.0
1607,2020-09-10 19:54:00,2020-09-11 01:04:00,Long,1.18196,1.18396,0.002,TP,310.0
1608,2020-09-11 01:45:00,2020-09-11 07:19:00,Short,1.18337,1.18437,-0.001,SL,334.0
1609,2020-09-11 07:56:00,2020-09-11 08:09:00,Short,1.18333,1.18433,-0.001,SL,13.0
1610,2020-09-11 08:22:00,2020-09-11 09:01:00,Long,1.18422,1.18622,0.002,TP,39.0
1611,2020-09-11 10:19:00,2020-09-11 12:30:00,Short,1.1865,1.1845,0.002,TP,131.0
1612,2020-09-11 12:38:00,2020-09-11 13:14:00,Short,1.18465,1.18565,-0.001,SL,36.0
1613,2020-09-11 13:41:00,2020-09-14 07:07:00,Short,1.18449,1.18549,-0.001,SL,3926.0
1614,2020-09-14 08:40:00,2020-09-14 10:32:00,Short,1.18642,1.18742,-0.001,SL,112.0
1615,2020-09-14 11:44:00,2020-09-14 12:19:00,Short,1.18667,1.18767,-0.001,SL,35.0
1616,2020-09-14 13:37:00,2020-09-14 13:45:00,Short,1.18772,1.18872,-0.001,SL,8.0
1617,2020-09-14 13:58:00,2020-09-14 14:39:00,Long,1.18803,1.18703,-0.001,SL,41.0
1618,2020-09-14 15:22:00,2020-09-14 16:54:00,Long,1.1875,1.1865,-0.001,SL,92.0
1619,2020-09-14 18:10:00,2020-09-15 02:24:00,Long,1.18613,1.18813,0.002,TP,494.0
1620,2020-09-15 02:58:00,2020-09-15 03:27:00,Short,1.18794,1.18894,-0.001,SL,29.0
1621,2020-09-15 05:41:00,2020-09-15 12:48:00,Short,1.18935,1.18735,0.002,TP,427.0
1622,2020-09-15 13:34:00,2020-09-15 13:48:00,Long,1.18761,1.18661,-0.001,SL,14.0
1623,2020-09-15 14:53:00,2020-09-15 15:59:00,Long,1.18546,1.18446,-0.001,SL,66.0
1624,2020-09-15 16:16:00,2020-09-16 00:14:00,Short,1.18509,1.18309,0.002,TP,478.0
1625,2020-09-16 00:55:00,2020-09-16 06:45:00,Long,1.18336,1.18536,0.002,TP,350.0
1626,2020-09-16 07:15:00,2020-09-16 07:31:00,Short,1.18477,1.18577,-0.001,SL,16.0
1627,2020-09-16 07:34:00,2020-09-16 09:29:00,Long,1.18582,1.18782,0.002,TP,115.0
1628,2020-09-16 10:13:00,2020-09-16 12:42:00,Short,1.1876,1.1856,0.002,TP,149.0
1629,2020-09-16 13:17:00,2020-09-16 13:36:00,Long,1.18635,1.18535,-0.001,SL,19.0
1630,2020-09-16 15:00:00,2020-09-16 18:00:00,Long,1.18303,1.18203,-0.001,SL,180.0
1631,2020-09-16 18:07:00,2020-09-16 18:08:00,Long,1.18231,1.18131,-0.001,SL,1.0
1632,2020-09-16 18:14:00,2020-09-16 18:30:00,Long,1.18302,1.18202,-0.001,SL,16.0
1633,2020-09-16 18:38:00,2020-09-16 18:44:00,Short,1.18325,1.18125,0.002,TP,6.0
1634,2020-09-16 20:05:00,2020-09-17 00:15:00,Long,1.18,1.179,-0.001,SL,250.0
1635,2020-09-17 01:05:00,2020-09-17 01:50:00,Long,1.17818,1.17718,-0.001,SL,45.0
1636,2020-09-17 02:36:00,2020-09-17 03:16:00,Long,1.17684,1.17584,-0.001,SL,40.0
1637,2020-09-17 03:58:00,2020-09-17 06:49:00,Long,1.17542,1.17742,0.002,TP,171.0
1638,2020-09-17 09:00:00,2020-09-17 09:29:00,Short,1.18034,1.17834,0.002,TP,29.0
1639,2020-09-17 09:53:00,2020-09-17 13:56:00,Long,1.17945,1.18145,0.002,TP,243.0
1640,2020-09-17 14:33:00,2020-09-17 15:14:00,Short,1.18091,1.18191,-0.001,SL,41.0
1641,2020-09-17 16:14:00,2020-09-17 17:55:00,Short,1.18223,1.18323,-0.001,SL,101.0
1642,2020-09-17 18:57:00,2020-09-17 19:40:00,Short,1.18396,1.18496,-0.001,SL,43.0
1643,2020-09-17 20:16:00,2020-09-18 00:08:00,Short,1.18469,1.18569,-0.001,SL,232.0
1644,2020-09-18 00:14:00,2020-09-18 00:51:00,Long,1.18596,1.18496,-0.001,SL,37.0
1645,2020-09-18 01:09:00,2020-09-18 01:32:00,Long,1.18557,1.18457,-0.001,SL,23.0
1646,2020-09-18 01:58:00,2020-09-18 10:40:00,Long,1.18495,1.18395,-0.001,SL,522.0
1647,2020-09-18 11:26:00,2020-09-18 11:53:00,Long,1.18426,1.18326,-0.001,SL,27.0
1648,2020-09-18 12:39:00,2020-09-18 13:36:00,Long,1.18425,1.18325,-0.001,SL,57.0
1649,2020-09-18 13:38:00,2020-09-18 14:16:00,Short,1.18322,1.18422,-0.001,SL,38.0
1650,2020-09-18 14:21:00,2020-09-18 14:55:00,Long,1.18451,1.18651,0.002,TP,34.0
1651,2020-09-18 15:43:00,2020-09-18 17:14:00,Short,1.18572,1.18672,-0.001,SL,91.0
1652,2020-09-18 17:27:00,2020-09-18 20:58:00,Short,1.18572,1.18372,0.002,TP,211.0
1653,2020-09-20 21:01:00,2020-09-21 01:00:00,Long,1.18412,1.18612,0.002,TP,239.0
1654,2020-09-21 01:49:00,2020-09-21 04:00:00,Short,1.18574,1.18674,-0.001,SL,131.0
1655,2020-09-21 04:39:00,2020-09-21 07:30:00,Short,1.18674,1.18474,0.002,TP,171.0
1656,2020-09-21 10:51:00,2020-09-21 12:25:00,Long,1.17831,1.17731,-0.001,SL,94.0
1657,2020-09-21 13:14:00,2020-09-21 13:26:00,Long,1.177,1.176,-0.001,SL,12.0
1658,2020-09-21 13:31:00,2020-09-21 13:37:00,Long,1.17687,1.17587,-0.001,SL,6.0
1659,2020-09-21 15:07:00,2020-09-21 15:14:00,Long,1.1747,1.1737,-0.001,SL,7.0
1660,2020-09-21 15:24:00,2020-09-21 17:15:00,Short,1.17344,1.17444,-0.001,SL,111.0
1661,2020-09-21 18:11:00,2020-09-21 19:04:00,Short,1.17525,1.17625,-0.001,SL,53.0
1662,2020-09-21 19:50:00,2020-09-22 06:19:00,Short,1.17657,1.17457,0.002,TP,629.0
1663,2020-09-22 07:02:00,2020-09-22 07:09:00,Long,1.17493,1.17393,-0.001,SL,7.0
1664,2020-09-22 07:18:00,2020-09-22 08:29:00,Short,1.17313,1.17413,-0.001,SL,71.0
1665,2020-09-22 09:09:00,2020-09-22 10:25:00,Short,1.17379,1.17479,-0.001,SL,76.0
1666,2020-09-22 11:15:00,2020-09-22 12:15:00,Short,1.17578,1.17378,0.002,TP,60.0
1667,2020-09-22 12:42:00,2020-09-22 12:49:00,Long,1.17543,1.17443,-0.001,SL,7.0
1668,2020-09-22 13:42:00,2020-09-22 14:03:00,Short,1.1745,1.1725,0.002,TP,21.0
1669,2020-09-22 14:34:00,2020-09-22 14:42:00,Long,1.17283,1.17183,-0.001,SL,8.0
1670,2020-09-22 15:30:00,2020-09-22 15:33:00,Long,1.17117,1.17017,-0.001,SL,3.0
1671,2020-09-22 15:39:00,2020-09-22 16:24:00,Short,1.17028,1.17128,-0.001,SL,45.0
1672,2020-09-22 16:47:00,2020-09-22 17:25:00,Short,1.17038,1.17138,-0.001,SL,38.0
1673,2020-09-22 18:02:00,2020-09-23 00:48:00,Short,1.17068,1.16868,0.002,TP,406.0
1674,2020-09-23 01:38:00,2020-09-23 04:17:00,Long,1.16849,1.16749,-0.001,SL,159.0
1675,2020-09-23 04:46:00,2020-09-23 07:30:00,Long,1.16787,1.16987,0.002,TP,164.0
1676,2020-09-23 07:36:00,2020-09-23 09:05:00,Long,1.16918,1.17118,0.002,TP,89.0
1677,2020-09-23 09:49:00,2020-09-23 11:57:00,Short,1.1712,1.1692,0.002,TP,128.0
1678,2020-09-23 12:35:00,2020-09-23 13:25:00,Long,1.1694,1.1684,-0.001,SL,50.0
1679,2020-09-23 13:44:00,2020-09-23 13:55:00,Long,1.16894,1.16794,-0.001,SL,11.0
1680,2020-09-23 13:59:00,2020-09-23 18:56:00,Short,1.16834,1.16634,0.002,TP,297.0
1681,2020-09-23 19:48:00,2020-09-24 01:24:00,Long,1.16585,1.16785,0.002,TP,336.0
1682,2020-09-24 01:51:00,2020-09-24 05:01:00,Short,1.16684,1.16484,0.002,TP,190.0
1683,2020-09-24 05:22:00,2020-09-24 06:31:00,Long,1.1658,1.1648,-0.001,SL,69.0
1684,2020-09-24 07:06:00,2020-09-24 09:29:00,Long,1.16575,1.16475,-0.001,SL,143.0
1685,2020-09-24 10:13:00,2020-09-24 11:44:00,Long,1.16476,1.16376,-0.001,SL,91.0
1686,2020-09-24 12:18:00,2020-09-24 12:34:00,Long,1.16468,1.16368,-0.001,SL,16.0
1687,2020-09-24 12:41:00,2020-09-24 13:06:00,Short,1.16332,1.16432,-0.001,SL,25.0
1688,2020-09-24 13:10:00,2020-09-24 13:35:00,Long,1.16463,1.16363,-0.001,SL,25.0
1689,2020-09-24 13:45:00,2020-09-24 13:51:00,Short,1.16332,1.16432,-0.001,SL,6.0
1690,2020-09-24 14:07:00,2020-09-24 14:35:00,Long,1.1647,1.1637,-0.001,SL,28.0
1691,2020-09-24 14:37:00,2020-09-24 15:28:00,Short,1.16412,1.16512,-0.001,SL,51.0
1692,2020-09-24 16:39:00,2020-09-24 17:15:00,Short,1.16613,1.16713,-0.001,SL,36.0
1693,2020-09-24 18:16:00,2020-09-25 08:29:00,Short,1.16764,1.16564,0.002,TP,853.0
1694,2020-09-25 10:26:00,2020-09-25 11:04:00,Long,1.16457,1.16357,-0.001,SL,38.0
1695,2020-09-25 11:47:00,2020-09-25 11:56:00,Long,1.16409,1.16309,-0.001,SL,9.0
1696,2020-09-25 12:01:00,2020-09-25 12:43:00,Short,1.16299,1.16399,-0.001,SL,42.0
1697,2020-09-25 13:10:00,2020-09-25 14:10:00,Short,1.16364,1.16164,0.002,TP,60.0
1698,2020-09-25 14:42:00,2020-09-25 14:57:00,Long,1.16271,1.16171,-0.001,SL,15.0
1699,2020-09-25 15:04:00,2020-09-25 18:17:00,Short,1.16192,1.16292,-0.001,SL,193.0
1700,2020-09-25 18:46:00,2020-09-25 19:20:00,Short,1.16246,1.16346,-0.001,SL,34.0
1701,2020-09-25 19:50:00,2020-09-28 04:21:00,Short,1.16296,1.16396,-0.001,SL,3391.0
1702,2020-09-28 04:59:00,2020-09-28 08:38:00,Short,1.16326,1.16426,-0.001,SL,219.0
1703,2020-09-28 10:57:00,2020-09-28 11:35:00,Short,1.16589,1.16689,-0.001,SL,38.0
1704,2020-09-28 11:40:00,2020-09-28 14:37:00,Long,1.16664,1.16564,-0.001,SL,177.0
1705,2020-09-28 15:24:00,2020-09-28 23:46:00,Long,1.16526,1.16726,0.002,TP,502.0
1706,2020-09-29 00:42:00,2020-09-29 09:03:00,Short,1.16773,1.16873,-0.001,SL,501.0
1707,2020-09-29 10:08:00,2020-09-29 11:00:00,Short,1.16885,1.16985,-0.001,SL,52.0
1708,2020-09-29 11:03:00,2020-09-29 12:41:00,Long,1.17059,1.16959,-0.001,SL,98.0
1709,2020-09-29 12:49:00,2020-09-29 13:31:00,Short,1.17038,1.17138,-0.001,SL,42.0
1710,2020-09-29 14:50:00,2020-09-29 15:07:00,Short,1.1731,1.1741,-0.001,SL,17.0
1711,2020-09-29 15:13:00,2020-09-29 15:41:00,Long,1.17373,1.17273,-0.001,SL,28.0
1712,2020-09-29 15:45:00,2020-09-29 16:37:00,Short,1.17198,1.17298,-0.001,SL,52.0
1713,2020-09-29 17:24:00,2020-09-29 18:02:00,Short,1.1735,1.1745,-0.001,SL,38.0
1714,2020-09-29 18:44:00,2020-09-30 01:39:00,Short,1.17387,1.17487,-0.001,SL,415.0
1715,2020-09-30 02:06:00,2020-09-30 02:38:00,Short,1.17427,1.17527,-0.001,SL,32.0
1716,2020-09-30 02:58:00,2020-09-30 03:38:00,Short,1.1748,1.1728,0.002,TP,40.0
1717,2020-09-30 04:20:00,2020-09-30 07:27:00,Long,1.1731,1.1721,-0.001,SL,187.0
1718,2020-09-30 07:30:00,2020-09-30 07:59:00,Short,1.17234,1.17334,-0.001,SL,29.0
1719,2020-09-30 08:04:00,2020-09-30 08:16:00,Long,1.17355,1.17255,-0.001,SL,12.0
1720,2020-09-30 08:25:00,2020-09-30 09:07:00,Short,1.1724,1.1704,0.002,TP,42.0
1721,2020-09-30 09:55:00,2020-09-30 13:39:00,Long,1.17028,1.16928,-0.001,SL,224.0
1722,2020-09-30 14:13:00,2020-09-30 14:48:00,Long,1.17145,1.17345,0.002,TP,35.0
1723,2020-09-30 15:46:00,2020-09-30 16:08:00,Short,1.17309,1.17109,0.002,TP,22.0
1724,2020-09-30 17:00:00,2020-09-30 17:20:00,Long,1.17215,1.17115,-0.001,SL,20.0
1725,2020-09-30 17:22:00,2020-09-30 17:42:00,Short,1.17111,1.17211,-0.001,SL,20.0
1726,2020-09-30 17:46:00,2020-09-30 18:47:00,Long,1.17239,1.17139,-0.001,SL,61.0
1727,2020-09-30 19:11:00,2020-10-01 01:38:00,Long,1.17181,1.17381,0.002,TP,387.0
1728,2020-10-01 02:18:00,2020-10-01 03:02:00,Short,1.17333,1.17433,-0.001,SL,44.0
1729,2020-10-01 03:43:00,2020-10-01 06:58:00,Short,1.17436,1.17536,-0.001,SL,195.0
1730,2020-10-01 08:13:00,2020-10-01 08:30:00,Long,1.17423,1.17323,-0.001,SL,17.0
1731,2020-10-01 08:35:00,2020-10-01 09:35:00,Short,1.17255,1.17355,-0.001,SL,60.0
1732,2020-10-01 10:36:00,2020-10-01 11:10:00,Short,1.17406,1.17506,-0.001,SL,34.0
1733,2020-10-01 12:14:00,2020-10-01 12:23:00,Short,1.17516,1.17616,-0.001,SL,9.0
1734,2020-10-01 12:36:00,2020-10-01 12:54:00,Long,1.17663,1.17563,-0.001,SL,18.0
1735,2020-10-01 13:02:00,2020-10-01 13:22:00,Short,1.17575,1.17375,0.002,TP,20.0
1736,2020-10-01 14:49:00,2020-10-02 01:56:00,Long,1.17404,1.17304,-0.001,SL,667.0
1737,2020-10-02 02:35:00,2020-10-02 02:50:00,Long,1.17294,1.17194,-0.001,SL,15.0
1738,2020-10-02 04:43:00,2020-10-02 04:55:00,Long,1.17165,1.17065,-0.001,SL,12.0
1739,2020-10-02 04:57:00,2020-10-02 05:18:00,Short,1.17054,1.17154,-0.001,SL,21.0
1740,2020-10-02 05:28:00,2020-10-02 06:29:00,Long,1.17161,1.17361,0.002,TP,61.0
1741,2020-10-02 07:24:00,2020-10-02 11:07:00,Short,1.17251,1.17051,0.002,TP,223.0
1742,2020-10-02 11:34:00,2020-10-02 12:50:00,Long,1.17162,1.17062,-0.001,SL,76.0
1743,2020-10-02 13:32:00,2020-10-02 16:05:00,Long,1.17122,1.17022,-0.001,SL,153.0
1744,2020-10-02 16:25:00,2020-10-04 21:55:00,Long,1.17156,1.17056,-0.001,SL,3210.0
1745,2020-10-04 21:57:00,2020-10-04 23:58:00,Short,1.171,1.172,-0.001,SL,121.0
1746,2020-10-05 00:06:00,2020-10-05 08:11:00,Long,1.17202,1.17402,0.002,TP,485.0
1747,2020-10-05 10:17:00,2020-10-05 11:38:00,Short,1.17485,1.17585,-0.001,SL,81.0
1748,2020-10-05 11:42:00,2020-10-05 13:31:00,Long,1.17601,1.17801,0.002,TP,109.0
1749,2020-10-05 14:32:00,2020-10-06 03:32:00,Short,1.17865,1.17965,-0.001,SL,780.0
1750,2020-10-06 03:57:00,2020-10-06 08:05:00,Short,1.17904,1.17704,0.002,TP,248.0
1751,2020-10-06 08:57:00,2020-10-06 12:22:00,Long,1.17783,1.17983,0.002,TP,205.0
1752,2020-10-06 12:49:00,2020-10-06 13:21:00,Short,1.17927,1.18027,-0.001,SL,32.0
1753,2020-10-06 13:49:00,2020-10-06 17:36:00,Short,1.17926,1.17726,0.002,TP,227.0
1754,2020-10-06 18:03:00,2020-10-06 18:51:00,Long,1.17798,1.17698,-0.001,SL,48.0
1755,2020-10-06 18:55:00,2020-10-06 21:57:00,Short,1.17514,1.17314,0.002,TP,182.0
1756,2020-10-06 22:19:00,2020-10-07 01:29:00,Long,1.17376,1.17276,-0.001,SL,190.0
1757,2020-10-07 02:04:00,2020-10-07 06:39:00,Long,1.17291,1.17491,0.002,TP,275.0
1758,2020-10-07 07:49:00,2020-10-07 11:27:00,Short,1.176,1.177,-0.001,SL,218.0
1759,2020-10-07 12:23:00,2020-10-07 12:38:00,Short,1.17652,1.17752,-0.001,SL,15.0
1760,2020-10-07 12:44:00,2020-10-07 13:38:00,Long,1.17766,1.17666,-0.001,SL,54.0
1761,2020-10-07 14:34:00,2020-10-08 08:47:00,Long,1.17672,1.17572,-0.001,SL,1093.0
1762,2020-10-08 09:12:00,2020-10-08 09:33:00,Long,1.17666,1.17566,-0.001,SL,21.0
1763,2020-10-08 09:39:00,2020-10-08 12:19:00,Short,1.1758,1.1768,-0.001,SL,160.0
1764,2020-10-08 12:45:00,2020-10-08 13:06:00,Short,1.17593,1.17393,0.002,TP,21.0
1765,2020-10-08 13:54:00,2020-10-08 14:30:00,Long,1.17449,1.17349,-0.001,SL,36.0
1766,2020-10-08 14:50:00,2020-10-08 22:02:00,Long,1.17433,1.17633,0.002,TP,432.0
1767,2020-10-08 22:49:00,2020-10-09 01:55:00,Short,1.17632,1.17732,-0.001,SL,186.0
1768,2020-10-09 03:56:00,2020-10-09 08:01:00,Short,1.17778,1.17878,-0.001,SL,245.0
1769,2020-10-09 09:24:00,2020-10-09 10:50:00,Short,1.17966,1.18066,-0.001,SL,86.0
1770,2020-10-09 11:17:00,2020-10-09 12:48:00,Short,1.17996,1.18096,-0.001,SL,91.0
1771,2020-10-09 13:49:00,2020-10-09 14:10:00,Short,1.18032,1.18132,-0.001,SL,21.0
1772,2020-10-09 14:19:00,2020-10-09 16:38:00,Long,1.18072,1.18272,0.002,TP,139.0
1773,2020-10-09 17:06:00,2020-10-12 09:22:00,Short,1.18247,1.18047,0.002,TP,3856.0
1774,2020-10-12 09:26:00,2020-10-12 13:59:00,Short,1.18046,1.18146,-0.001,SL,273.0
1775,2020-10-12 14:23:00,2020-10-13 06:59:00,Short,1.18084,1.17884,0.002,TP,996.0
1776,2020-10-13 07:44:00,2020-10-13 13:18:00,Long,1.17877,1.17777,-0.001,SL,334.0
1777,2020-10-13 15:36:00,2020-10-13 15:47:00,Long,1.17462,1.17362,-0.001,SL,11.0
1778,2020-10-13 15:58:00,2020-10-14 00:44:00,Short,1.174,1.175,-0.001,SL,526.0
1779,2020-10-14 01:09:00,2020-10-14 09:13:00,Short,1.17455,1.17255,0.002,TP,484.0
1780,2020-10-14 10:05:00,2020-10-14 12:18:00,Long,1.17341,1.17541,0.002,TP,133.0
1781,2020-10-14 13:11:00,2020-10-14 14:39:00,Short,1.17556,1.17656,-0.001,SL,88.0
1782,2020-10-14 14:47:00,2020-10-14 14:58:00,Long,1.17694,1.17594,-0.001,SL,11.0
1783,2020-10-14 15:16:00,2020-10-14 18:36:00,Short,1.17653,1.17453,0.002,TP,200.0
1784,2020-10-14 19:02:00,2020-10-14 22:42:00,Long,1.1751,1.1741,-0.001,SL,220.0
1785,2020-10-14 23:19:00,2020-10-15 07:23:00,Long,1.1744,1.1734,-0.001,SL,484.0
1786,2020-10-15 07:53:00,2020-10-15 08:06:00,Long,1.1737,1.1727,-0.001,SL,13.0
1787,2020-10-15 09:24:00,2020-10-15 12:08:00,Long,1.17077,1.16977,-0.001,SL,164.0
1788,2020-10-15 12:37:00,2020-10-15 12:57:00,Long,1.17084,1.16984,-0.001,SL,20.0
1789,2020-10-15 13:01:00,2020-10-15 14:18:00,Short,1.16967,1.17067,-0.001,SL,77.0
1790,2020-10-15 14:37:00,2020-10-15 15:31:00,Short,1.16942,1.17042,-0.001,SL,54.0
1791,2020-10-15 16:14:00,2020-10-15 20:25:00,Short,1.16974,1.17074,-0.001,SL,251.0
1792,2020-10-15 21:06:00,2020-10-16 07:51:00,Short,1.17083,1.17183,-0.001,SL,645.0
1793,2020-10-16 08:27:00,2020-10-16 11:05:00,Short,1.17147,1.17247,-0.001,SL,158.0
1794,2020-10-16 11:16:00,2020-10-16 12:19:00,Long,1.17221,1.17421,0.002,TP,63.0
1795,2020-10-16 12:53:00,2020-10-16 14:42:00,Short,1.17344,1.17144,0.002,TP,109.0
1796,2020-10-16 15:17:00,2020-10-19 02:03:00,Long,1.17199,1.17099,-0.001,SL,3526.0
1797,2020-10-19 03:07:00,2020-10-19 08:28:00,Long,1.17124,1.17324,0.002,TP,321.0
1798,2020-10-19 10:15:00,2020-10-19 10:54:00,Short,1.17539,1.17639,-0.001,SL,39.0
1799,2020-10-19 12:28:00,2020-10-19 14:26:00,Short,1.17815,1.17915,-0.001,SL,118.0
1800,2020-10-19 14:53:00,2020-10-19 15:52:00,Short,1.17785,1.17885,-0.001,SL,59.0
1801,2020-10-19 16:22:00,2020-10-20 07:15:00,Short,1.17816,1.17616,0.002,TP,893.0
1802,2020-10-20 07:47:00,2020-10-20 08:50:00,Long,1.17733,1.17933,0.002,TP,63.0
1803,2020-10-20 11:05:00,2020-10-20 13:59:00,Short,1.1812,1.1822,-0.001,SL,174.0
1804,2020-10-20 15:03:00,2020-10-21 01:43:00,Short,1.18272,1.18372,-0.001,SL,640.0
1805,2020-10-21 02:47:00,2020-10-21 04:47:00,Short,1.18388,1.18488,-0.001,SL,120.0
1806,2020-10-21 05:16:00,2020-10-21 06:19:00,Short,1.18477,1.18577,-0.001,SL,63.0
1807,2020-10-21 07:05:00,2020-10-21 07:58:00,Short,1.18562,1.18662,-0.001,SL,53.0
1808,2020-10-21 08:34:00,2020-10-21 12:30:00,Short,1.18516,1.18616,-0.001,SL,236.0
1809,2020-10-21 13:06:00,2020-10-21 14:04:00,Short,1.1854,1.1864,-0.001,SL,58.0
1810,2020-10-21 15:08:00,2020-10-21 20:20:00,Short,1.18758,1.18558,0.002,TP,312.0
1811,2020-10-21 20:48:00,2020-10-22 00:13:00,Long,1.18588,1.18488,-0.001,SL,205.0
1812,2020-10-22 01:00:00,2020-10-22 07:36:00,Long,1.18457,1.18657,0.002,TP,396.0
1813,2020-10-22 08:10:00,2020-10-22 09:37:00,Short,1.18537,1.18337,0.002,TP,87.0
1814,2020-10-22 10:26:00,2020-10-22 11:03:00,Long,1.18346,1.18246,-0.001,SL,37.0
1815,2020-10-22 12:09:00,2020-10-22 12:32:00,Long,1.18261,1.18161,-0.001,SL,23.0
1816,2020-10-22 12:53:00,2020-10-22 14:44:00,Long,1.18266,1.18166,-0.001,SL,111.0
1817,2020-10-22 15:01:00,2020-10-22 18:56:00,Long,1.1828,1.1818,-0.001,SL,235.0
1818,2020-10-22 19:42:00,2020-10-23 00:03:00,Long,1.18194,1.18094,-0.001,SL,261.0
1819,2020-10-23 01:03:00,2020-10-23 07:33:00,Long,1.17995,1.18195,0.002,TP,390.0
1820,2020-10-23 09:01:00,2020-10-23 09:23:00,Short,1.18371,1.18471,-0.001,SL,22.0
1821,2020-10-23 10:02:00,2020-10-23 12:09:00,Short,1.1848,1.1858,-0.001,SL,127.0
1822,2020-10-23 12:50:00,2020-10-23 14:05:00,Short,1.18514,1.18314,0.002,TP,75.0
1823,2020-10-23 14:52:00,2020-10-23 17:10:00,Long,1.18297,1.18497,0.002,TP,138.0
1824,2020-10-23 19:06:00,2020-10-25 23:36:00,Short,1.18596,1.18396,0.002,TP,3150.0
1825,2020-10-25 23:59:00,2020-10-26 01:34:00,Long,1.18473,1.18373,-0.001,SL,95.0
1826,2020-10-26 02:10:00,2020-10-26 03:24:00,Long,1.18428,1.18328,-0.001,SL,74.0
1827,2020-10-26 04:25:00,2020-10-26 08:01:00,Long,1.18353,1.18253,-0.001,SL,216.0
1828,2020-10-26 08:08:00,2020-10-26 09:07:00,Short,1.18323,1.18123,0.002,TP,59.0
1829,2020-10-26 10:04:00,2020-10-26 11:39:00,Long,1.18074,1.18274,0.002,TP,95.0
1830,2020-10-26 12:01:00,2020-10-27 05:46:00,Short,1.18225,1.18325,-0.001,SL,1065.0
1831,2020-10-27 06:33:00,2020-10-27 08:10:00,Short,1.18321,1.18121,0.002,TP,97.0
1832,2020-10-27 08:50:00,2020-10-27 09:11:00,Long,1.18107,1.18007,-0.001,SL,21.0
1833,2020-10-27 09:14:00,2020-10-27 11:12:00,Short,1.18074,1.18174,-0.001,SL,118.0
1834,2020-10-27 12:48:00,2020-10-27 13:09:00,Short,1.18258,1.18358,-0.001,SL,21.0
1835,2020-10-27 13:38:00,2020-10-27 19:51:00,Short,1.18292,1.18092,0.002,TP,373.0
1836,2020-10-27 19:55:00,2020-10-27 21:12:00,Short,1.18084,1.17884,0.002,TP,77.0
1837,2020-10-27 21:52:00,2020-10-27 22:14:00,Long,1.17876,1.17776,-0.001,SL,22.0
1838,2020-10-27 22:55:00,2020-10-28 06:53:00,Long,1.17778,1.17678,-0.001,SL,478.0
1839,2020-10-28 07:39:00,2020-10-28 08:02:00,Long,1.17753,1.17653,-0.001,SL,23.0
1840,2020-10-28 08:52:00,2020-10-28 09:20:00,Long,1.176,1.175,-0.001,SL,28.0
1841,2020-10-28 10:38:00,2020-10-28 10:47:00,Long,1.17512,1.17412,-0.001,SL,9.0
1842,2020-10-28 10:53:00,2020-10-28 12:45:00,Short,1.17391,1.17191,0.002,TP,112.0
1843,2020-10-28 13:09:00,2020-10-28 15:58:00,Long,1.17296,1.17496,0.002,TP,169.0
1844,2020-10-28 16:46:00,2020-10-29 01:58:00,Short,1.17486,1.17586,-0.001,SL,552.0
1845,2020-10-29 02:25:00,2020-10-29 08:05:00,Short,1.17536,1.17336,0.002,TP,340.0
1846,2020-10-29 08:48:00,2020-10-29 10:09:00,Long,1.17333,1.17233,-0.001,SL,81.0
1847,2020-10-29 12:38:00,2020-10-29 12:41:00,Long,1.171,1.17,-0.001,SL,3.0
1848,2020-10-29 13:09:00,2020-10-29 13:12:00,Short,1.16919,1.17019,-0.001,SL,3.0
1849,2020-10-29 13:28:00,2020-10-29 13:39:00,Long,1.17069,1.16969,-0.001,SL,11.0
1850,2020-10-29 13:43:00,2020-10-29 13:44:00,Short,1.16905,1.17005,-0.001,SL,1.0
1851,2020-10-29 14:47:00,2020-10-29 14:52:00,Long,1.16888,1.16788,-0.001,SL,5.0
1852,2020-10-29 15:03:00,2020-10-29 15:22:00,Short,1.16832,1.16632,0.002,TP,19.0
1853,2020-10-29 16:20:00,2020-10-29 17:10:00,Long,1.16649,1.16549,-0.001,SL,50.0
1854,2020-10-29 18:02:00,2020-10-30 01:36:00,Long,1.16602,1.16802,0.002,TP,454.0
1855,2020-10-30 02:53:00,2020-10-30 07:15:00,Short,1.16849,1.16649,0.002,TP,262.0
1856,2020-10-30 07:39:00,2020-10-30 07:50:00,Long,1.16824,1.16724,-0.001,SL,11.0
1857,2020-10-30 08:26:00,2020-10-30 09:09:00,Short,1.16673,1.16773,-0.001,SL,43.0
1858,2020-10-30 09:12:00,2020-10-30 10:16:00,Long,1.1676,1.1666,-0.001,SL,64.0
1859,2020-10-30 10:41:00,2020-10-30 12:54:00,Long,1.16692,1.16892,0.002,TP,133.0
1860,2020-10-30 13:31:00,2020-10-30 15:39:00,Short,1.16868,1.16668,0.002,TP,128.0
1861,2020-10-30 16:39:00,2020-11-01 23:46:00,Long,1.16495,1.16395,-0.001,SL,3307.0
1862,2020-11-02 00:14:00,2020-11-02 04:42:00,Long,1.16426,1.16326,-0.001,SL,268.0
1863,2020-11-02 05:20:00,2020-11-02 08:39:00,Long,1.16346,1.16246,-0.001,SL,199.0
1864,2020-11-02 09:05:00,2020-11-02 11:53:00,Long,1.16354,1.16554,0.002,TP,168.0
1865,2020-11-02 12:13:00,2020-11-02 14:24:00,Short,1.16498,1.16298,0.002,TP,131.0
1866,2020-11-02 14:50:00,2020-11-02 17:49:00,Long,1.16342,1.16242,-0.001,SL,179.0
1867,2020-11-02 18:30:00,2020-11-03 01:27:00,Long,1.16268,1.16468,0.002,TP,417.0
1868,2020-11-03 02:35:00,2020-11-03 05:39:00,Short,1.16485,1.16585,-0.001,SL,184.0
1869,2020-11-03 06:08:00,2020-11-03 06:49:00,Short,1.16541,1.16641,-0.001,SL,41.0
1870,2020-11-03 07:21:00,2020-11-03 07:48:00,Short,1.16588,1.16688,-0.001,SL,27.0
1871,2020-11-03 09:09:00,2020-11-03 09:17:00,Short,1.16805,1.16905,-0.001,SL,8.0
1872,2020-11-03 12:08:00,2020-11-03 14:30:00,Short,1.17087,1.17187,-0.001,SL,142.0
1873,2020-11-03 16:38:00,2020-11-03 18:21:00,Short,1.17262,1.17062,0.002,TP,103.0
1874,2020-11-03 19:36:00,2020-11-03 22:43:00,Long,1.17028,1.17228,0.002,TP,187.0
1875,2020-11-04 00:33:00,2020-11-04 00:37:00,Short,1.17472,1.17272,0.002,TP,4.0
1876,2020-11-04 03:16:00,2020-11-04 03:17:00,Long,1.16448,1.16648,0.002,TP,1.0
1877,2020-11-04 03:53:00,2020-11-04 04:07:00,Short,1.1637,1.1647,-0.001,SL,14.0
1878,2020-11-04 04:14:00,2020-11-04 04:20:00,Long,1.16469,1.16369,-0.001,SL,6.0
1879,2020-11-04 05:48:00,2020-11-04 06:11:00,Short,1.16543,1.16643,-0.001,SL,23.0
1880,2020-11-04 07:56:00,2020-11-04 08:01:00,Long,1.16435,1.16635,0.002,TP,5.0
1881,2020-11-04 09:06:00,2020-11-04 09:45:00,Short,1.16691,1.16791,-0.001,SL,39.0
1882,2020-11-04 09:47:00,2020-11-04 09:59:00,Long,1.16855,1.16755,-0.001,SL,12.0
1883,2020-11-04 13:00:00,2020-11-04 14:26:00,Short,1.17186,1.16986,0.002,TP,86.0
1884,2020-11-04 15:03:00,2020-11-04 15:10:00,Long,1.17158,1.17058,-0.001,SL,7.0
1885,2020-11-04 15:44:00,2020-11-04 16:54:00,Short,1.17114,1.17214,-0.001,SL,70.0
1886,2020-11-04 17:26:00,2020-11-04 22:17:00,Short,1.17205,1.17305,-0.001,SL,291.0
1887,2020-11-04 22:41:00,2020-11-04 23:22:00,Short,1.17266,1.17366,-0.001,SL,41.0
1888,2020-11-05 00:01:00,2020-11-05 03:24:00,Short,1.17293,1.17393,-0.001,SL,203.0
1889,2020-11-05 05:01:00,2020-11-05 08:06:00,Short,1.17388,1.17488,-0.001,SL,185.0
1890,2020-11-05 09:06:00,2020-11-05 09:18:00,Short,1.17593,1.17693,-0.001,SL,12.0
1891,2020-11-05 12:11:00,2020-11-05 12:22:00,Short,1.18104,1.18204,-0.001,SL,11.0
1892,2020-11-05 13:34:00,2020-11-05 14:20:00,Short,1.1842,1.1822,0.002,TP,46.0
1893,2020-11-05 14:45:00,2020-11-05 14:47:00,Long,1.18361,1.18261,-0.001,SL,2.0
1894,2020-11-05 15:05:00,2020-11-05 15:27:00,Short,1.1827,1.1807,0.002,TP,22.0
1895,2020-11-05 15:58:00,2020-11-05 16:36:00,Long,1.18245,1.18145,-0.001,SL,38.0
1896,2020-11-05 16:41:00,2020-11-05 17:28:00,Short,1.18146,1.17946,0.002,TP,47.0
1897,2020-11-05 17:55:00,2020-11-05 19:10:00,Long,1.18017,1.18217,0.002,TP,75.0
1898,2020-11-05 20:21:00,2020-11-05 23:49:00,Short,1.18276,1.18376,-0.001,SL,208.0
1899,2020-11-06 00:09:00,2020-11-06 00:35:00,Long,1.1825,1.1815,-0.001,SL,26.0
1900,2020-11-06 00:37:00,2020-11-06 01:10:00,Short,1.18161,1.17961,0.002,TP,33.0
1901,2020-11-06 01:43:00,2020-11-06 02:18:00,Long,1.1805,1.1825,0.002,TP,35.0
1902,2020-11-06 03:51:00,2020-11-06 07:23:00,Short,1.18255,1.18355,-0.001,SL,212.0
1903,2020-11-06 08:30:00,2020-11-06 08:35:00,Short,1.18396,1.18496,-0.001,SL,5.0
1904,2020-11-06 09:06:00,2020-11-06 09:26:00,Short,1.18353,1.18453,-0.001,SL,20.0
1905,2020-11-06 09:35:00,2020-11-06 10:46:00,Long,1.18478,1.18678,0.002,TP,71.0
1906,2020-11-06 12:21:00,2020-11-06 13:22:00,Short,1.18723,1.18823,-0.001,SL,61.0
1907,2020-11-06 14:22:00,2020-11-06 14:24:00,Short,1.1862,1.1872,-0.001,SL,2.0
1908,2020-11-06 15:16:00,2020-11-06 16:20:00,Long,1.18681,1.18881,0.002,TP,64.0
1909,2020-11-06 17:03:00,2020-11-09 08:39:00,Short,1.18884,1.18684,0.002,TP,3816.0
1910,2020-11-09 09:15:00,2020-11-09 09:47:00,Long,1.1882,1.1872,-0.001,SL,32.0
1911,2020-11-09 09:52:00,2020-11-09 10:15:00,Short,1.1868,1.1878,-0.001,SL,23.0
1912,2020-11-09 10:27:00,2020-11-09 11:33:00,Long,1.18725,1.18625,-0.001,SL,66.0
1913,2020-11-09 11:55:00,2020-11-09 11:59:00,Long,1.18972,1.18872,-0.001,SL,4.0
1914,2020-11-09 13:19:00,2020-11-09 13:31:00,Short,1.18753,1.18853,-0.001,SL,12.0
1915,2020-11-09 13:47:00,2020-11-09 14:06:00,Long,1.1891,1.1911,0.002,TP,19.0
1916,2020-11-09 14:46:00,2020-11-09 14:54:00,Short,1.18991,1.18791,0.002,TP,8.0
1917,2020-11-09 16:44:00,2020-11-09 18:27:00,Long,1.18132,1.18032,-0.001,SL,103.0
1918,2020-11-09 19:01:00,2020-11-10 00:29:00,Long,1.18168,1.18068,-0.001,SL,328.0
1919,2020-11-10 01:03:00,2020-11-10 02:09:00,Long,1.1817,1.1837,0.002,TP,66.0
1920,2020-11-10 02:49:00,2020-11-10 08:40:00,Short,1.18329,1.18429,-0.001,SL,351.0
1921,2020-11-10 09:08:00,2020-11-10 09:44:00,Short,1.18341,1.18141,0.002,TP,36.0
1922,2020-11-10 11:27:00,2020-11-10 12:13:00,Long,1.17914,1.18114,0.002,TP,46.0
1923,2020-11-10 12:39:00,2020-11-10 13:01:00,Short,1.18011,1.18111,-0.001,SL,22.0
1924,2020-11-10 13:08:00,2020-11-10 13:37:00,Long,1.18083,1.17983,-0.001,SL,29.0
1925,2020-11-10 14:03:00,2020-11-10 15:05:00,Long,1.18095,1.18295,0.002,TP,62.0
1926,2020-11-10 15:39:00,2020-11-11 01:50:00,Short,1.18181,1.18281,-0.001,SL,611.0
1927,2020-11-11 02:33:00,2020-11-11 08:01:00,Short,1.18238,1.18038,0.002,TP,328.0
1928,2020-11-11 09:14:00,2020-11-11 09:39:00,Long,1.17975,1.17875,-0.001,SL,25.0
1929,2020-11-11 09:44:00,2020-11-11 10:08:00,Short,1.17846,1.17946,-0.001,SL,24.0
1930,2020-11-11 10:12:00,2020-11-11 10:48:00,Long,1.17918,1.17818,-0.001,SL,36.0
1931,2020-11-11 11:19:00,2020-11-11 11:33:00,Long,1.17849,1.17749,-0.001,SL,14.0
1932,2020-11-11 12:58:00,2020-11-11 13:36:00,Long,1.17688,1.17588,-0.001,SL,38.0
1933,2020-11-11 13:41:00,2020-11-11 17:11:00,Short,1.17586,1.17686,-0.001,SL,210.0
1934,2020-11-11 19:02:00,2020-11-11 21:02:00,Short,1.17717,1.17817,-0.001,SL,120.0
1935,2020-11-11 21:42:00,2020-11-12 06:32:00,Short,1.17798,1.17598,0.002,TP,530.0
1936,2020-11-12 06:58:00,2020-11-12 08:08:00,Long,1.17672,1.17872,0.002,TP,70.0
1937,2020-11-12 09:12:00,2020-11-12 09:24:00,Short,1.17847,1.17947,-0.001,SL,12.0
1938,2020-11-12 09:26:00,2020-11-12 10:07:00,Long,1.17967,1.18167,0.002,TP,41.0
1939,2020-11-12 11:00:00,2020-11-12 11:12:00,Short,1.18102,1.18202,-0.001,SL,12.0
1940,2020-11-12 11:15:00,2020-11-12 11:49:00,Long,1.18202,1.18102,-0.001,SL,34.0
1941,2020-11-12 13:34:00,2020-11-12 14:15:00,Long,1.18009,1.17909,-0.001,SL,41.0
1942,2020-11-12 14:18:00,2020-11-12 15:13:00,Short,1.17944,1.18044,-0.001,SL,55.0
1943,2020-11-12 16:51:00,2020-11-13 09:50:00,Short,1.18148,1.18248,-0.001,SL,1019.0
1944,2020-11-13 10:39:00,2020-11-13 21:25:00,Short,1.18256,1.18356,-0.001,SL,646.0
1945,2020-11-13 21:46:00,2020-11-15 23:14:00,Short,1.18339,1.18439,-0.001,SL,2968.0
1946,2020-11-16 00:05:00,2020-11-16 02:00:00,Short,1.18391,1.18491,-0.001,SL,115.0
1947,2020-11-16 02:23:00,2020-11-16 07:53:00,Short,1.18463,1.18563,-0.001,SL,330.0
1948,2020-11-16 09:06:00,2020-11-16 10:04:00,Short,1.18566,1.18366,0.002,TP,58.0
1949,2020-11-16 10:32:00,2020-11-16 11:53:00,Long,1.18416,1.18316,-0.001,SL,81.0
1950,2020-11-16 12:16:00,2020-11-16 12:23:00,Long,1.18439,1.18339,-0.001,SL,7.0
1951,2020-11-16 12:30:00,2020-11-16 12:37:00,Short,1.18338,1.18438,-0.001,SL,7.0
1952,2020-11-16 12:48:00,2020-11-16 12:59:00,Long,1.18429,1.18329,-0.001,SL,11.0
1953,2020-11-16 13:06:00,2020-11-16 15:22:00,Short,1.18263,1.18363,-0.001,SL,136.0
1954,2020-11-16 16:41:00,2020-11-16 20:48:00,Short,1.1837,1.1847,-0.001,SL,247.0
1955,2020-11-16 22:11:00,2020-11-17 00:37:00,Short,1.18527,1.18627,-0.001,SL,146.0
1956,2020-11-17 01:35:00,2020-11-17 08:00:00,Short,1.18639,1.18439,0.002,TP,385.0
1957,2020-11-17 08:12:00,2020-11-17 10:42:00,Long,1.18562,1.18762,0.002,TP,150.0
1958,2020-11-17 11:49:00,2020-11-17 13:45:00,Short,1.18791,1.18891,-0.001,SL,116.0
1959,2020-11-17 14:13:00,2020-11-18 00:47:00,Short,1.18766,1.18566,0.002,TP,634.0
1960,2020-11-18 02:05:00,2020-11-18 05:20:00,Long,1.18539,1.18739,0.002,TP,195.0
1961,2020-11-18 06:05:00,2020-11-18 07:16:00,Short,1.18726,1.18826,-0.001,SL,71.0
1962,2020-11-18 08:43:00,2020-11-18 13:23:00,Short,1.18806,1.18606,0.002,TP,280.0
1963,2020-11-18 13:27:00,2020-11-18 14:31:00,Short,1.18599,1.18699,-0.001,SL,64.0
1964,2020-11-18 15:13:00,2020-11-18 15:57:00,Short,1.18665,1.18765,-0.001,SL,44.0
1965,2020-11-18 16:21:00,2020-11-18 23:58:00,Short,1.18686,1.18486,0.002,TP,457.0
1966,2020-11-19 00:47:00,2020-11-19 08:51:00,Long,1.18391,1.18291,-0.001,SL,484.0
1967,2020-11-19 09:38:00,2020-11-19 10:16:00,Long,1.18314,1.18214,-0.001,SL,38.0
1968,2020-11-19 10:51:00,2020-11-19 14:33:00,Long,1.18298,1.18198,-0.001,SL,222.0
1969,2020-11-19 14:51:00,2020-11-19 17:34:00,Long,1.18303,1.18503,0.002,TP,163.0
1970,2020-11-19 17:56:00,2020-11-19 19:01:00,Short,1.18456,1.18556,-0.001,SL,65.0
1971,2020-11-19 21:00:00,2020-11-20 05:42:00,Short,1.18786,1.18886,-0.001,SL,522.0
1972,2020-11-20 05:44:00,2020-11-20 07:07:00,Long,1.18879,1.18779,-0.001,SL,83.0
1973,2020-11-20 08:16:00,2020-11-20 09:05:00,Long,1.18708,1.18608,-0.001,SL,49.0
1974,2020-11-20 09:47:00,2020-11-20 10:18:00,Long,1.18651,1.18551,-0.001,SL,31.0
1975,2020-11-20 10:52:00,2020-11-20 12:01:00,Long,1.18568,1.18768,0.002,TP,69.0
1976,2020-11-20 12:28:00,2020-11-23 09:21:00,Short,1.18697,1.18797,-0.001,SL,4133.0
1977,2020-11-23 10:11:00,2020-11-23 10:58:00,Short,1.18778,1.18878,-0.001,SL,47.0
1978,2020-11-23 12:19:00,2020-11-23 14:48:00,Short,1.18994,1.18794,0.002,TP,149.0
1979,2020-11-23 16:37:00,2020-11-23 17:40:00,Long,1.18211,1.18411,0.002,TP,63.0
1980,2020-11-23 18:30:00,2020-11-24 04:59:00,Short,1.18427,1.18527,-0.001,SL,629.0
1981,2020-11-24 05:45:00,2020-11-24 08:03:00,Short,1.18509,1.18609,-0.001,SL,138.0
1982,2020-11-24 09:10:00,2020-11-24 09:38:00,Short,1.18749,1.18849,-0.001,SL,28.0
1983,2020-11-24 10:12:00,2020-11-24 10:22:00,Short,1.18835,1.18935,-0.001,SL,10.0
1984,2020-11-24 10:48:00,2020-11-24 12:00:00,Short,1.18851,1.18651,0.002,TP,72.0
1985,2020-11-24 13:16:00,2020-11-24 13:59:00,Long,1.18669,1.18569,-0.001,SL,43.0
1986,2020-11-24 15:00:00,2020-11-24 16:25:00,Long,1.18643,1.18843,0.002,TP,85.0
1987,2020-11-24 16:57:00,2020-11-24 20:55:00,Short,1.18807,1.18907,-0.001,SL,238.0
1988,2020-11-24 22:35:00,2020-11-25 01:07:00,Short,1.18923,1.19023,-0.001,SL,152.0
1989,2020-11-25 01:11:00,2020-11-25 06:27:00,Long,1.19024,1.18924,-0.001,SL,316.0
1990,2020-11-25 07:01:00,2020-11-25 08:12:00,Long,1.18977,1.19177,0.002,TP,71.0
1991,2020-11-25 08:47:00,2020-11-25 11:06:00,Short,1.19096,1.18896,0.002,TP,139.0
1992,2020-11-25 11:55:00,2020-11-25 13:25:00,Long,1.18854,1.19054,0.002,TP,90.0
1993,2020-11-25 14:03:00,2020-11-25 14:50:00,Short,1.19033,1.19133,-0.001,SL,47.0
1994,2020-11-25 14:54:00,2020-11-25 15:05:00,Long,1.19095,1.18995,-0.001,SL,11.0
1995,2020-11-25 15:15:00,2020-11-25 15:36:00,Short,1.18987,1.19087,-0.001,SL,21.0
1996,2020-11-25 16:07:00,2020-11-25 17:35:00,Short,1.19056,1.19156,-0.001,SL,88.0
1997,2020-11-25 18:30:00,2020-11-26 00:19:00,Short,1.19156,1.19256,-0.001,SL,349.0
1998,2020-11-26 01:00:00,2020-11-26 06:13:00,Short,1.1922,1.1932,-0.001,SL,313.0
1999,2020-11-26 07:03:00,2020-11-26 09:42:00,Short,1.19333,1.19133,0.002,TP,159.0
2000,2020-11-26 10:26:00,2020-11-26 12:11:00,Long,1.19055,1.18955,-0.001,SL,105.0
2001,2020-11-26 12:54:00,2020-11-26 19:36:00,Long,1.18981,1.19181,0.002,TP,402.0
2002,2020-11-26 20:06:00,2020-11-27 03:55:00,Short,1.1914,1.1924,-0.001,SL,469.0
2003,2020-11-27 04:38:00,2020-11-27 13:37:00,Short,1.19229,1.19329,-0.001,SL,539.0
2004,2020-11-27 14:30:00,2020-11-27 14:40:00,Short,1.19355,1.19455,-0.001,SL,10.0
2005,2020-11-27 15:17:00,2020-11-27 15:53:00,Short,1.19398,1.19498,-0.001,SL,36.0
2006,2020-11-27 16:56:00,2020-11-29 22:39:00,Short,1.19544,1.19644,-0.001,SL,3223.0
2007,2020-11-30 00:11:00,2020-11-30 08:31:00,Short,1.19679,1.19779,-0.001,SL,500.0
2008,2020-11-30 09:10:00,2020-11-30 11:04:00,Short,1.19767,1.19867,-0.001,SL,114.0
2009,2020-11-30 12:04:00,2020-11-30 14:28:00,Short,1.19864,1.19964,-0.001,SL,144.0
2010,2020-11-30 14:47:00,2020-11-30 15:06:00,Short,1.19924,1.20024,-0.001,SL,19.0
2011,2020-11-30 15:38:00,2020-11-30 15:56:00,Short,1.19868,1.19668,0.002,TP,18.0
2012,2020-11-30 17:17:00,2020-11-30 20:13:00,Long,1.19482,1.19382,-0.001,SL,176.0
2013,2020-11-30 22:09:00,2020-12-01 02:23:00,Long,1.19316,1.19516,0.002,TP,254.0
2014,2020-12-01 03:56:00,2020-12-01 07:27:00,Short,1.19574,1.19674,-0.001,SL,211.0
2015,2020-12-01 08:12:00,2020-12-01 08:35:00,Short,1.19671,1.19771,-0.001,SL,23.0
2016,2020-12-01 09:15:00,2020-12-01 13:52:00,Short,1.19762,1.19862,-0.001,SL,277.0
2017,2020-12-01 14:33:00,2020-12-01 14:45:00,Short,1.19817,1.19917,-0.001,SL,12.0
2018,2020-12-01 14:52:00,2020-12-01 15:05:00,Long,1.19983,1.19883,-0.001,SL,13.0
2019,2020-12-01 16:46:00,2020-12-01 17:50:00,Short,1.20398,1.20498,-0.001,SL,64.0
2020,2020-12-01 18:56:00,2020-12-01 20:35:00,Short,1.20445,1.20545,-0.001,SL,99.0
2021,2020-12-01 22:06:00,2020-12-02 02:08:00,Short,1.20681,1.20781,-0.001,SL,242.0
2022,2020-12-02 03:08:00,2020-12-02 08:21:00,Short,1.20781,1.20581,0.002,TP,313.0
2023,2020-12-02 09:23:00,2020-12-02 09:39:00,Long,1.20625,1.20525,-0.001,SL,16.0
2024,2020-12-02 09:54:00,2020-12-02 13:11:00,Short,1.20583,1.20683,-0.001,SL,197.0
2025,2020-12-02 14:11:00,2020-12-02 14:41:00,Short,1.20679,1.20779,-0.001,SL,30.0
2026,2020-12-02 15:53:00,2020-12-02 17:44:00,Short,1.20884,1.20984,-0.001,SL,111.0
2027,2020-12-02 18:08:00,2020-12-02 20:47:00,Short,1.20932,1.21032,-0.001,SL,159.0
2028,2020-12-02 20:49:00,2020-12-03 03:08:00,Long,1.21037,1.21237,0.002,TP,379.0
2029,2020-12-03 03:45:00,2020-12-03 08:00:00,Short,1.21238,1.21338,-0.001,SL,255.0
2030,2020-12-03 08:02:00,2020-12-03 08:38:00,Long,1.21321,1.21221,-0.001,SL,36.0
2031,2020-12-03 09:59:00,2020-12-03 12:10:00,Long,1.21136,1.21336,0.002,TP,131.0
2032,2020-12-03 13:49:00,2020-12-03 14:06:00,Short,1.21486,1.21586,-0.001,SL,17.0
2033,2020-12-03 14:11:00,2020-12-03 14:36:00,Long,1.21558,1.21458,-0.001,SL,25.0
2034,2020-12-03 14:42:00,2020-12-03 15:05:00,Short,1.21546,1.21646,-0.001,SL,23.0
2035,2020-12-03 16:01:00,2020-12-03 17:12:00,Short,1.21624,1.21424,0.002,TP,71.0
2036,2020-12-03 17:39:00,2020-12-03 18:10:00,Long,1.21475,1.21375,-0.001,SL,31.0
2037,2020-12-03 18:49:00,2020-12-04 07:02:00,Long,1.214,1.216,0.002,TP,733.0
2038,2020-12-04 07:25:00,2020-12-04 08:13:00,Short,1.21522,1.21622,-0.001,SL,48.0
2039,2020-12-04 08:21:00,2020-12-04 13:25:00,Long,1.21628,1.21528,-0.001,SL,304.0
2040,2020-12-04 13:46:00,2020-12-04 13:46:00,Long,1.21537,1.21437,-0.001,SL,0.0
2041,2020-12-04 14:19:00,2020-12-04 15:19:00,Long,1.21596,1.21496,-0.001,SL,60.0
2042,2020-12-04 16:53:00,2020-12-04 20:36:00,Long,1.21431,1.21331,-0.001,SL,223.0
2043,2020-12-04 22:06:00,2020-12-07 02:23:00,Long,1.21202,1.21402,0.002,TP,3137.0
2044,2020-12-07 02:54:00,2020-12-07 07:14:00,Short,1.21375,1.21175,0.002,TP,260.0
2045,2020-12-07 07:53:00,2020-12-07 08:06:00,Long,1.212,1.211,-0.001,SL,13.0
2046,2020-12-07 08:08:00,2020-12-07 09:04:00,Short,1.21099,1.20899,0.002,TP,56.0
2047,2020-12-07 09:45:00,2020-12-07 10:22:00,Long,1.20861,1.21061,0.002,TP,37.0
2048,2020-12-07 11:46:00,2020-12-07 12:13:00,Short,1.21064,1.21164,-0.001,SL,27.0
2049,2020-12-07 12:35:00,2020-12-07 12:59:00,Short,1.21075,1.21175,-0.001,SL,24.0
2050,2020-12-07 14:30:00,2020-12-07 14:35:00,Short,1.2137,1.2147,-0.001,SL,5.0
2051,2020-12-07 15:15:00,2020-12-07 18:14:00,Short,1.21465,1.21265,0.002,TP,179.0
2052,2020-12-07 19:04:00,2020-12-07 20:41:00,Long,1.21218,1.21118,-0.001,SL,97.0
2053,2020-12-07 21:21:00,2020-12-08 08:01:00,Long,1.21128,1.21028,-0.001,SL,640.0
2054,2020-12-08 08:09:00,2020-12-08 08:29:00,Short,1.2102,1.2112,-0.001,SL,20.0
2055,2020-12-08 08:36:00,2020-12-08 15:24:00,Long,1.21154,1.21054,-0.001,SL,408.0
2056,2020-12-08 16:03:00,2020-12-08 18:53:00,Long,1.21127,1.21027,-0.001,SL,170.0
2057,2020-12-08 19:27:00,2020-12-09 04:17:00,Long,1.21078,1.21278,0.002,TP,530.0
2058,2020-12-09 05:17:00,2020-12-09 06:06:00,Short,1.21276,1.21376,-0.001,SL,49.0
2059,2020-12-09 06:56:00,2020-12-09 10:57:00,Short,1.21396,1.21196,0.002,TP,241.0
2060,2020-12-09 11:21:00,2020-12-09 11:39:00,Long,1.2123,1.2113,-0.001,SL,18.0
2061,2020-12-09 12:18:00,2020-12-09 12:25:00,Long,1.2113,1.2103,-0.001,SL,7.0
2062,2020-12-09 12:28:00,2020-12-09 13:38:00,Short,1.21034,1.21134,-0.001,SL,70.0
2063,2020-12-09 14:34:00,2020-12-09 14:51:00,Short,1.21179,1.20979,0.002,TP,17.0
2064,2020-12-09 16:46:00,2020-12-09 17:16:00,Long,1.20768,1.20668,-0.001,SL,30.0
2065,2020-12-09 17:20:00,2020-12-09 18:00:00,Short,1.20634,1.20734,-0.001,SL,40.0
2066,2020-12-09 18:32:00,2020-12-09 20:30:00,Short,1.20676,1.20776,-0.001,SL,118.0
2067,2020-12-09 21:47:00,2020-12-10 03:38:00,Short,1.2083,1.2093,-0.001,SL,351.0
2068,2020-12-10 05:20:00,2020-12-10 09:35:00,Short,1.20973,1.21073,-0.001,SL,255.0
2069,2020-12-10 10:31:00,2020-12-10 12:07:00,Short,1.21047,1.20847,0.002,TP,96.0
2070,2020-12-10 12:40:00,2020-12-10 12:45:00,Long,1.20902,1.21102,0.002,TP,5.0
2071,2020-12-10 13:31:00,2020-12-10 13:34:00,Short,1.21164,1.21264,-0.001,SL,3.0
2072,2020-12-10 13:40:00,2020-12-10 14:03:00,Long,1.21266,1.21166,-0.001,SL,23.0
2073,2020-12-10 14:11:00,2020-12-10 14:13:00,Short,1.20986,1.21086,-0.001,SL,2.0
2074,2020-12-10 14:43:00,2020-12-10 14:58:00,Long,1.21297,1.21497,0.002,TP,15.0
2075,2020-12-10 15:28:00,2020-12-10 20:15:00,Short,1.21304,1.21404,-0.001,SL,287.0
2076,2020-12-10 21:07:00,2020-12-11 01:01:00,Short,1.21374,1.21474,-0.001,SL,234.0
2077,2020-12-11 01:04:00,2020-12-11 07:40:00,Long,1.21504,1.21404,-0.001,SL,396.0
2078,2020-12-11 08:51:00,2020-12-11 09:56:00,Long,1.21266,1.21166,-0.001,SL,65.0
2079,2020-12-11 10:21:00,2020-12-11 11:18:00,Long,1.21257,1.21157,-0.001,SL,57.0
2080,2020-12-11 11:57:00,2020-12-11 15:55:00,Long,1.21202,1.21102,-0.001,SL,238.0
2081,2020-12-11 16:32:00,2020-12-13 22:00:00,Long,1.21128,1.21328,0.002,TP,3208.0
2082,2020-12-13 22:49:00,2020-12-14 07:16:00,Short,1.21351,1.21451,-0.001,SL,507.0
2083,2020-12-14 07:21:00,2020-12-14 12:35:00,Long,1.21446,1.21646,0.002,TP,314.0
2084,2020-12-14 13:07:00,2020-12-14 13:56:00,Short,1.21607,1.21707,-0.001,SL,49.0
2085,2020-12-14 14:22:00,2020-12-14 15:11:00,Short,1.21607,1.21407,0.002,TP,49.0
2086,2020-12-14 16:20:00,2020-12-14 17:29:00,Long,1.21388,1.21588,0.002,TP,69.0
2087,2020-12-14 18:22:00,2020-12-15 07:58:00,Short,1.21558,1.21358,0.002,TP,816.0
2088,2020-12-15 08:31:00,2020-12-15 08:41:00,Long,1.2142,1.2132,-0.001,SL,10.0
2089,2020-12-15 09:04:00,2020-12-15 11:20:00,Long,1.21434,1.21634,0.002,TP,136.0
2090,2020-12-15 11:39:00,2020-12-15 11:54:00,Short,1.21511,1.21611,-0.001,SL,15.0
2091,2020-12-15 12:05:00,2020-12-15 12:53:00,Long,1.21581,1.21481,-0.001,SL,48.0
2092,2020-12-15 13:41:00,2020-12-15 18:07:00,Long,1.21432,1.21632,0.002,TP,266.0
2093,2020-12-15 18:41:00,2020-12-16 07:08:00,Short,1.21577,1.21677,-0.001,SL,747.0
2094,2020-12-16 07:51:00,2020-12-16 08:15:00,Short,1.21642,1.21742,-0.001,SL,24.0
2095,2020-12-16 08:23:00,2020-12-16 08:30:00,Long,1.21667,1.21867,0.002,TP,7.0
2096,2020-12-16 09:24:00,2020-12-16 13:08:00,Short,1.22057,1.21857,0.002,TP,224.0
2097,2020-12-16 13:18:00,2020-12-16 14:38:00,Short,1.21898,1.21998,-0.001,SL,80.0
2098,2020-12-16 15:06:00,2020-12-16 15:19:00,Short,1.21879,1.21979,-0.001,SL,13.0
2099,2020-12-16 15:51:00,2020-12-16 16:14:00,Long,1.2191,1.2181,-0.001,SL,23.0
2100,2020-12-16 17:04:00,2020-12-16 19:00:00,Long,1.21726,1.21626,-0.001,SL,116.0
2101,2020-12-16 19:48:00,2020-12-16 20:20:00,Long,1.21619,1.21819,0.002,TP,32.0
2102,2020-12-16 21:05:00,2020-12-16 21:41:00,Short,1.21831,1.21931,-0.001,SL,36.0
2103,2020-12-16 22:33:00,2020-12-17 01:24:00,Short,1.21983,1.22083,-0.001,SL,171.0
2104,2020-12-17 02:01:00,2020-12-17 02:55:00,Short,1.22015,1.22115,-0.001,SL,54.0
2105,2020-12-17 03:32:00,2020-12-17 04:19:00,Short,1.22091,1.22191,-0.001,SL,47.0
2106,2020-12-17 04:59:00,2020-12-17 06:28:00,Short,1.22244,1.22344,-0.001,SL,89.0
2107,2020-12-17 07:28:00,2020-12-17 07:52:00,Short,1.22283,1.22383,-0.001,SL,24.0
2108,2020-12-17 08:30:00,2020-12-17 12:56:00,Short,1.22366,1.22466,-0.001,SL,266.0
2109,2020-12-17 13:59:00,2020-12-17 14:09:00,Short,1.22404,1.22504,-0.001,SL,10.0
2110,2020-12-17 14:23:00,2020-12-17 18:12:00,Long,1.22477,1.22677,0.002,TP,229.0
2111,2020-12-17 18:55:00,2020-12-18 04:18:00,Short,1.22633,1.22433,0.002,TP,563.0
2112,2020-12-18 05:13:00,2020-12-18 08:27:00,Long,1.22408,1.22608,0.002,TP,194.0
2113,2020-12-18 08:59:00,2020-12-18 12:37:00,Short,1.22573,1.22673,-0.001,SL,218.0
2114,2020-12-18 13:06:00,2020-12-18 14:52:00,Short,1.22514,1.22314,0.002,TP,106.0
2115,2020-12-18 16:48:00,2020-12-18 21:29:00,Long,1.22334,1.22534,0.002,TP,281.0
2116,2020-12-18 22:49:00,2020-12-20 22:00:00,Short,1.22559,1.22359,0.002,TP,2831.0
2117,2020-12-20 22:47:00,2020-12-20 23:25:00,Long,1.2233,1.2223,-0.001,SL,38.0
2118,2020-12-21 00:40:00,2020-12-21 01:42:00,Long,1.22179,1.22079,-0.001,SL,62.0
2119,2020-12-21 04:15:00,2020-12-21 07:34:00,Long,1.21892,1.21792,-0.001,SL,199.0
2120,2020-12-21 08:11:00,2020-12-21 08:35:00,Long,1.21887,1.22087,0.002,TP,24.0
2121,2020-12-21 09:15:00,2020-12-21 09:42:00,Short,1.22044,1.21844,0.002,TP,27.0
2122,2020-12-21 10:56:00,2020-12-21 11:14:00,Long,1.21458,1.21658,0.002,TP,18.0
2123,2020-12-21 12:09:00,2020-12-21 12:40:00,Short,1.21701,1.21801,-0.001,SL,31.0
2124,2020-12-21 13:06:00,2020-12-21 13:22:00,Short,1.21723,1.21823,-0.001,SL,16.0
2125,2020-12-21 13:25:00,2020-12-21 13:42:00,Long,1.21842,1.22042,0.002,TP,17.0
2126,2020-12-21 14:14:00,2020-12-21 14:19:00,Short,1.22056,1.22156,-0.001,SL,5.0
2127,2020-12-21 14:58:00,2020-12-21 15:54:00,Short,1.22089,1.22189,-0.001,SL,56.0
2128,2020-12-21 16:06:00,2020-12-21 18:38:00,Long,1.22206,1.22406,0.002,TP,152.0
2129,2020-12-21 19:27:00,2020-12-21 19:40:00,Short,1.22426,1.22526,-0.001,SL,13.0
2130,2020-12-21 20:18:00,2020-12-22 04:32:00,Short,1.22436,1.22236,0.002,TP,494.0
2131,2020-12-22 06:16:00,2020-12-22 08:02:00,Long,1.22218,1.22118,-0.001,SL,106.0
2132,2020-12-22 08:48:00,2020-12-22 09:46:00,Long,1.22185,1.22085,-0.001,SL,58.0
2133,2020-12-22 10:22:00,2020-12-22 11:49:00,Long,1.22178,1.22378,0.002,TP,87.0
2134,2020-12-22 12:49:00,2020-12-22 14:28:00,Short,1.22433,1.22233,0.002,TP,99.0
2135,2020-12-22 15:39:00,2020-12-22 15:48:00,Long,1.22091,1.21991,-0.001,SL,9.0
2136,2020-12-22 17:10:00,2020-12-22 18:40:00,Long,1.21727,1.21627,-0.001,SL,90.0
2137,2020-12-22 19:24:00,2020-12-22 23:47:00,Long,1.21616,1.21816,0.002,TP,263.0
2138,2020-12-23 00:23:00,2020-12-23 01:00:00,Short,1.21754,1.21554,0.002,TP,37.0
2139,2020-12-23 01:22:00,2020-12-23 07:46:00,Long,1.21747,1.21947,0.002,TP,384.0
2140,2020-12-23 08:12:00,2020-12-23 09:04:00,Short,1.21845,1.21945,-0.001,SL,52.0
2141,2020-12-23 09:57:00,2020-12-23 13:07:00,Short,1.2193,1.2173,0.002,TP,190.0
2142,2020-12-23 13:49:00,2020-12-23 14:30:00,Long,1.21802,1.22002,0.002,TP,41.0
2143,2020-12-23 15:17:00,2020-12-23 15:53:00,Short,1.22119,1.21919,0.002,TP,36.0
2144,2020-12-23 16:25:00,2020-12-23 17:32:00,Long,1.21976,1.21876,-0.001,SL,67.0
2145,2020-12-23 19:46:00,2020-12-24 00:55:00,Long,1.21812,1.22012,0.002,TP,309.0
2146,2020-12-24 03:10:00,2020-12-24 08:43:00,Short,1.22139,1.21939,0.002,TP,333.0
2147,2020-12-24 10:32:00,2020-12-24 14:22:00,Long,1.21921,1.21821,-0.001,SL,230.0
2148,2020-12-24 14:51:00,2020-12-24 15:04:00,Long,1.21957,1.21857,-0.001,SL,13.0
2149,2020-12-24 15:17:00,2020-12-24 15:30:00,Short,1.21858,1.21958,-0.001,SL,13.0
2150,2020-12-24 15:47:00,2020-12-25 02:52:00,Short,1.21829,1.21929,-0.001,SL,665.0
2151,2020-12-25 04:21:00,2020-12-28 02:05:00,Short,1.21985,1.22085,-0.001,SL,4184.0
2152,2020-12-28 03:08:00,2020-12-28 05:58:00,Short,1.22114,1.22214,-0.001,SL,170.0
2153,2020-12-28 06:46:00,2020-12-28 08:35:00,Short,1.22238,1.22338,-0.001,SL,109.0
2154,2020-12-28 09:40:00,2020-12-28 09:52:00,Short,1.22382,1.22482,-0.001,SL,12.0
2155,2020-12-28 10:19:00,2020-12-28 11:25:00,Short,1.2225,1.2205,0.002,TP,66.0
2156,2020-12-28 12:24:00,2020-12-28 14:31:00,Long,1.22048,1.22248,0.002,TP,127.0
2157,2020-12-28 15:17:00,2020-12-28 15:55:00,Short,1.22297,1.22097,0.002,TP,38.0
2158,2020-12-28 16:17:00,2020-12-28 17:00:00,Long,1.22218,1.22118,-0.001,SL,43.0
2159,2020-12-28 17:39:00,2020-12-28 17:58:00,Long,1.22153,1.22053,-0.001,SL,19.0
2160,2020-12-28 18:27:00,2020-12-29 00:16:00,Long,1.22086,1.22286,0.002,TP,349.0
2161,2020-12-29 00:59:00,2020-12-29 02:21:00,Short,1.22256,1.22356,-0.001,SL,82.0
2162,2020-12-29 03:01:00,2020-12-29 07:01:00,Short,1.22332,1.22432,-0.001,SL,240.0
2163,2020-12-29 07:53:00,2020-12-29 08:22:00,Short,1.22421,1.22521,-0.001,SL,29.0
2164,2020-12-29 08:59:00,2020-12-29 10:10:00,Short,1.22461,1.22561,-0.001,SL,71.0
2165,2020-12-29 10:37:00,2020-12-29 14:36:00,Short,1.22515,1.22615,-0.001,SL,239.0
2166,2020-12-29 15:14:00,2020-12-29 15:39:00,Short,1.2248,1.2258,-0.001,SL,25.0
2167,2020-12-29 15:49:00,2020-12-29 15:57:00,Long,1.22545,1.22445,-0.001,SL,8.0
2168,2020-12-29 16:04:00,2020-12-29 16:12:00,Short,1.22411,1.22511,-0.001,SL,8.0
2169,2020-12-29 16:33:00,2020-12-29 16:42:00,Long,1.22538,1.22438,-0.001,SL,9.0
2170,2020-12-29 16:53:00,2020-12-30 00:22:00,Short,1.22501,1.22601,-0.001,SL,449.0
2171,2020-12-30 02:19:00,2020-12-30 08:01:00,Short,1.22848,1.22648,0.002,TP,342.0
2172,2020-12-30 08:53:00,2020-12-30 10:26:00,Long,1.22596,1.22796,0.002,TP,93.0
2173,2020-12-30 11:04:00,2020-12-30 12:55:00,Short,1.22771,1.22871,-0.001,SL,111.0
2174,2020-12-30 13:38:00,2020-12-30 13:43:00,Short,1.22766,1.22866,-0.001,SL,5.0
2175,2020-12-30 13:59:00,2020-12-30 14:23:00,Long,1.22911,1.22811,-0.001,SL,24.0
2176,2020-12-30 14:28:00,2020-12-30 14:49:00,Short,1.22737,1.22837,-0.001,SL,21.0
2177,2020-12-30 15:01:00,2020-12-30 15:14:00,Long,1.22955,1.22855,-0.001,SL,13.0
2178,2020-12-30 15:29:00,2020-12-30 15:37:00,Short,1.2284,1.2294,-0.001,SL,8.0
2179,2020-12-30 15:47:00,2020-12-30 16:39:00,Long,1.22917,1.22817,-0.001,SL,52.0
2180,2020-12-30 17:38:00,2020-12-31 00:34:00,Long,1.22855,1.23055,0.002,TP,416.0
2181,2020-12-31 01:20:00,2020-12-31 09:15:00,Short,1.23048,1.22848,0.002,TP,475.0
2182,2020-12-31 09:52:00,2020-12-31 09:55:00,Long,1.22973,1.22873,-0.001,SL,3.0
2183,2020-12-31 10:11:00,2020-12-31 12:54:00,Short,1.22808,1.22608,0.002,TP,163.0
2184,2020-12-31 13:13:00,2020-12-31 15:14:00,Long,1.22721,1.22621,-0.001,SL,121.0
2185,2020-12-31 17:15:00,2020-12-31 18:25:00,Long,1.22291,1.22191,-0.001,SL,70.0
